Fecha,Hora,Horario,Pen√≠nsula,Baleares,Canarias,Ceuta,Melilla
2022-01-01,1,Invierno,204.5,204.5,204.5,204.5,204.5
2022-01-01,2,Invierno,171.34,171.34,171.34,171.34,171.34
2022-01-01,3,Invierno,172.69,172.69,172.69,172.69,172.69
2022-01-01,4,Invierno,156.07,156.07,156.07,156.07,156.07
2022-01-01,5,Invierno,159.08,159.08,159.08,159.08,159.08
2022-01-01,6,Invierno,157.28,157.28,157.28,157.28,157.28
2022-01-01,7,Invierno,158.86,158.86,158.86,158.86,158.86
2022-01-01,8,Invierno,157.58,157.58,157.58,157.58,157.58
2022-01-01,9,Invierno,156.19,156.19,156.19,156.19,156.19
2022-01-01,10,Invierno,118.95,118.95,118.95,118.95,118.95
2022-01-01,11,Invierno,122.05,122.05,122.05,122.05,122.05
2022-01-01,12,Invierno,127.97,127.97,127.97,127.97,127.97
2022-01-01,13,Invierno,139.9,139.9,139.9,139.9,139.9
2022-01-01,14,Invierno,141.94,141.94,141.94,141.94,141.94
2022-01-01,15,Invierno,143.48,143.48,143.48,143.48,143.48
2022-01-01,16,Invierno,147.69,147.69,147.69,147.69,147.69
2022-01-01,17,Invierno,172.13,172.13,172.13,172.13,172.13
2022-01-01,18,Invierno,212.23,212.23,212.23,212.23,212.23
2022-01-01,19,Invierno,240.74,240.74,240.74,240.74,240.74
2022-01-01,20,Invierno,244.32,244.32,244.32,244.32,244.32
2022-01-01,21,Invierno,247.1,247.1,247.1,247.1,247.1
2022-01-01,22,Invierno,248.37,248.37,248.37,248.37,248.37
2022-01-01,23,Invierno,248.87,248.87,248.87,248.87,248.87
2022-01-01,24,Invierno,229.09,229.09,229.09,229.09,229.09
2022-01-02,1,Invierno,186.2,186.2,186.2,186.2,186.2
2022-01-02,2,Invierno,168.59,168.59,168.59,168.59,168.59
2022-01-02,3,Invierno,164.36,164.36,164.36,164.36,164.36
2022-01-02,4,Invierno,168.8,168.8,168.8,168.8,168.8
2022-01-02,5,Invierno,173.14,173.14,173.14,173.14,173.14
2022-01-02,6,Invierno,167.53,167.53,167.53,167.53,167.53
2022-01-02,7,Invierno,170.81,170.81,170.81,170.81,170.81
2022-01-02,8,Invierno,183.78,183.78,183.78,183.78,183.78
2022-01-02,9,Invierno,165.46,165.46,165.46,165.46,165.46
2022-01-02,10,Invierno,160.64,160.64,160.64,160.64,160.64
2022-01-02,11,Invierno,153.61,153.61,153.61,153.61,153.61
2022-01-02,12,Invierno,141.37,141.37,141.37,141.37,141.37
2022-01-02,13,Invierno,141.13,141.13,141.13,141.13,141.13
2022-01-02,14,Invierno,147.85,147.85,147.85,147.85,147.85
2022-01-02,15,Invierno,154.48,154.48,154.48,154.48,154.48
2022-01-02,16,Invierno,148.13,148.13,148.13,148.13,148.13
2022-01-02,17,Invierno,159.92,159.92,159.92,159.92,159.92
2022-01-02,18,Invierno,210.36,210.36,210.36,210.36,210.36
2022-01-02,19,Invierno,252.84,252.84,252.84,252.84,252.84
2022-01-02,20,Invierno,255.34,255.34,255.34,255.34,255.34
2022-01-02,21,Invierno,267.47,267.47,267.47,267.47,267.47
2022-01-02,22,Invierno,268.11,268.11,268.11,268.11,268.11
2022-01-02,23,Invierno,247.69,247.69,247.69,247.69,247.69
2022-01-02,24,Invierno,232.26,232.26,232.26,232.26,232.26
2022-01-03,1,Invierno,237.39,237.39,237.39,237.39,237.39
2022-01-03,2,Invierno,215.14,215.14,215.14,215.14,215.14
2022-01-03,3,Invierno,208.71,208.71,208.71,208.71,208.71
2022-01-03,4,Invierno,203.75,203.75,203.75,203.75,203.75
2022-01-03,5,Invierno,196.48,196.48,196.48,196.48,196.48
2022-01-03,6,Invierno,200.67,200.67,200.67,200.67,200.67
2022-01-03,7,Invierno,202.87,202.87,202.87,202.87,202.87
2022-01-03,8,Invierno,206.64,206.64,206.64,206.64,206.64
2022-01-03,9,Invierno,265.12,265.12,265.12,265.12,265.12
2022-01-03,10,Invierno,257.98,257.98,257.98,257.98,257.98
2022-01-03,11,Invierno,298.69,298.69,298.69,229.55,229.55
2022-01-03,12,Invierno,288.38,288.38,288.38,288.38,288.38
2022-01-03,13,Invierno,284.08,284.08,284.08,284.08,284.08
2022-01-03,14,Invierno,276.2,276.2,276.2,276.2,276.2
2022-01-03,15,Invierno,189.77,189.77,189.77,258.9,258.9
2022-01-03,16,Invierno,173.27,173.27,173.27,173.27,173.27
2022-01-03,17,Invierno,190.31,190.31,190.31,190.31,190.31
2022-01-03,18,Invierno,217.18,217.18,217.18,217.18,217.18
2022-01-03,19,Invierno,319.67,319.67,319.67,250.47,250.47
2022-01-03,20,Invierno,326.48,326.48,326.48,326.48,326.48
2022-01-03,21,Invierno,295.16,295.16,295.16,295.16,295.16
2022-01-03,22,Invierno,281.1,281.1,281.1,281.1,281.1
2022-01-03,23,Invierno,179.32,179.32,179.32,248.44,248.44
2022-01-03,24,Invierno,164.71,164.71,164.71,164.71,164.71
2022-01-04,1,Invierno,174.65,174.65,174.65,174.65,174.65
2022-01-04,2,Invierno,163.9,163.9,163.9,163.9,163.9
2022-01-04,3,Invierno,161.68,161.68,161.68,161.68,161.68
2022-01-04,4,Invierno,153.57,153.57,153.57,153.57,153.57
2022-01-04,5,Invierno,152.67,152.67,152.67,152.67,152.67
2022-01-04,6,Invierno,163.78,163.78,163.78,163.78,163.78
2022-01-04,7,Invierno,206.55,206.55,206.55,206.55,206.55
2022-01-04,8,Invierno,207.42,207.42,207.42,207.42,207.42
2022-01-04,9,Invierno,252.67,252.67,252.67,252.67,252.67
2022-01-04,10,Invierno,265.2,265.2,265.2,265.2,265.2
2022-01-04,11,Invierno,332.84,332.84,332.84,263.6,263.6
2022-01-04,12,Invierno,323.76,323.76,323.76,323.76,323.76
2022-01-04,13,Invierno,323.77,323.77,323.77,323.77,323.77
2022-01-04,14,Invierno,320.07,320.07,320.07,320.07,320.07
2022-01-04,15,Invierno,232.01,232.01,232.01,301.32,301.32
2022-01-04,16,Invierno,225.99,225.99,225.99,225.99,225.99
2022-01-04,17,Invierno,228.76,228.76,228.76,228.76,228.76
2022-01-04,18,Invierno,238.31,238.31,238.31,238.31,238.31
2022-01-04,19,Invierno,331.5,331.5,331.5,262.25,262.25
2022-01-04,20,Invierno,324.57,324.57,324.57,324.57,324.57
2022-01-04,21,Invierno,299.28,299.28,299.28,299.28,299.28
2022-01-04,22,Invierno,291.42,291.42,291.42,291.42,291.42
2022-01-04,23,Invierno,211.35,211.35,211.35,280.58,280.58
2022-01-04,24,Invierno,174.07,174.07,174.07,174.07,174.07
2022-01-05,1,Invierno,166.58,166.58,166.58,166.58,166.58
2022-01-05,2,Invierno,149.68,149.68,149.68,149.68,149.68
2022-01-05,3,Invierno,125.37,125.37,125.37,125.37,125.37
2022-01-05,4,Invierno,114.73,114.73,114.73,114.73,114.73
2022-01-05,5,Invierno,118.99,118.99,118.99,118.99,118.99
2022-01-05,6,Invierno,138.38,138.38,138.38,138.38,138.38
2022-01-05,7,Invierno,225.58,225.58,225.58,225.58,225.58
2022-01-05,8,Invierno,262.78,262.78,262.78,262.78,262.78
2022-01-05,9,Invierno,290.49,290.49,290.49,290.49,290.49
2022-01-05,10,Invierno,292.89,292.89,292.89,292.89,292.89
2022-01-05,11,Invierno,355.71,355.71,355.71,286.38,286.38
2022-01-05,12,Invierno,348.35,348.35,348.35,348.35,348.35
2022-01-05,13,Invierno,345.65,345.65,345.65,345.65,345.65
2022-01-05,14,Invierno,342.64,342.64,342.64,342.64,342.64
2022-01-05,15,Invierno,271.42,271.42,271.42,340.7,340.7
2022-01-05,16,Invierno,277.26,277.26,277.26,277.26,277.26
2022-01-05,17,Invierno,286.1,286.1,286.1,286.1,286.1
2022-01-05,18,Invierno,291.6,291.6,291.6,291.6,291.6
2022-01-05,19,Invierno,377.9,377.9,377.9,308.26,308.26
2022-01-05,20,Invierno,408.58,408.58,408.58,408.58,408.58
2022-01-05,21,Invierno,399.05,399.05,399.05,399.05,399.05
2022-01-05,22,Invierno,372.08,372.08,372.08,372.08,372.08
2022-01-05,23,Invierno,290.24,290.24,290.24,359.59,359.59
2022-01-05,24,Invierno,283.56,283.56,283.56,283.56,283.56
2022-01-06,1,Invierno,273.96,273.96,273.96,273.96,273.96
2022-01-06,2,Invierno,274.37,274.37,274.37,274.37,274.37
2022-01-06,3,Invierno,260.05,260.05,260.05,260.05,260.05
2022-01-06,4,Invierno,247.79,247.79,247.79,247.79,247.79
2022-01-06,5,Invierno,235.25,235.25,235.25,235.25,235.25
2022-01-06,6,Invierno,265.43,265.43,265.43,265.43,265.43
2022-01-06,7,Invierno,274.4,274.4,274.4,274.4,274.4
2022-01-06,8,Invierno,285.47,285.47,285.47,285.47,285.47
2022-01-06,9,Invierno,288.53,288.53,288.53,288.53,288.53
2022-01-06,10,Invierno,282.62,282.62,282.62,282.62,282.62
2022-01-06,11,Invierno,272.52,272.52,272.52,272.52,272.52
2022-01-06,12,Invierno,262.93,262.93,262.93,262.93,262.93
2022-01-06,13,Invierno,259.46,259.46,259.46,259.46,259.46
2022-01-06,14,Invierno,259.11,259.11,259.11,259.11,259.11
2022-01-06,15,Invierno,250.31,250.31,250.31,250.31,250.31
2022-01-06,16,Invierno,245.51,245.51,245.51,245.51,245.51
2022-01-06,17,Invierno,261.18,261.18,261.18,261.18,261.18
2022-01-06,18,Invierno,284.0,284.0,284.0,284.0,284.0
2022-01-06,19,Invierno,347.92,347.92,347.92,347.92,347.92
2022-01-06,20,Invierno,352.08,352.08,352.08,352.08,352.08
2022-01-06,21,Invierno,318.88,318.88,318.88,318.88,318.88
2022-01-06,22,Invierno,292.35,292.35,292.35,292.35,292.35
2022-01-06,23,Invierno,276.92,276.92,276.92,276.92,276.92
2022-01-06,24,Invierno,272.24,272.24,272.24,272.24,272.24
2022-01-07,1,Invierno,281.47,281.47,281.47,281.47,281.47
2022-01-07,2,Invierno,254.66,254.66,254.66,254.66,254.66
2022-01-07,3,Invierno,244.38,244.38,244.38,244.38,244.38
2022-01-07,4,Invierno,227.46,227.46,227.46,227.46,227.46
2022-01-07,5,Invierno,225.3,225.3,225.3,225.3,225.3
2022-01-07,6,Invierno,226.35,226.35,226.35,226.35,226.35
2022-01-07,7,Invierno,225.44,225.44,225.44,225.44,225.44
2022-01-07,8,Invierno,276.04,276.04,276.04,276.04,276.04
2022-01-07,9,Invierno,329.13,329.13,329.13,329.13,329.13
2022-01-07,10,Invierno,335.97,335.97,335.97,335.97,335.97
2022-01-07,11,Invierno,392.01,392.01,392.01,322.56,322.56
2022-01-07,12,Invierno,383.71,383.71,383.71,383.71,383.71
2022-01-07,13,Invierno,364.74,364.74,364.74,364.74,364.74
2022-01-07,14,Invierno,359.74,359.74,359.74,359.74,359.74
2022-01-07,15,Invierno,285.33,285.33,285.33,354.66,354.66
2022-01-07,16,Invierno,290.14,290.14,290.14,290.14,290.14
2022-01-07,17,Invierno,303.09,303.09,303.09,303.09,303.09
2022-01-07,18,Invierno,332.5,332.5,332.5,332.5,332.5
2022-01-07,19,Invierno,422.83,422.83,422.83,353.02,353.02
2022-01-07,20,Invierno,410.29,410.29,410.29,410.29,410.29
2022-01-07,21,Invierno,404.25,404.25,404.25,404.25,404.25
2022-01-07,22,Invierno,405.33,405.33,405.33,405.33,405.33
2022-01-07,23,Invierno,328.14,328.14,328.14,397.87,397.87
2022-01-07,24,Invierno,304.5,304.5,304.5,304.5,304.5
2022-01-08,1,Invierno,347.82,347.82,347.82,347.82,347.82
2022-01-08,2,Invierno,314.44,314.44,314.44,314.44,314.44
2022-01-08,3,Invierno,292.01,292.01,292.01,292.01,292.01
2022-01-08,4,Invierno,288.61,288.61,288.61,288.61,288.61
2022-01-08,5,Invierno,276.72,276.72,276.72,276.72,276.72
2022-01-08,6,Invierno,276.13,276.13,276.13,276.13,276.13
2022-01-08,7,Invierno,274.28,274.28,274.28,274.28,274.28
2022-01-08,8,Invierno,280.59,280.59,280.59,280.59,280.59
2022-01-08,9,Invierno,284.13,284.13,284.13,284.13,284.13
2022-01-08,10,Invierno,295.87,295.87,295.87,295.87,295.87
2022-01-08,11,Invierno,289.82,289.82,289.82,289.82,289.82
2022-01-08,12,Invierno,273.62,273.62,273.62,273.62,273.62
2022-01-08,13,Invierno,263.92,263.92,263.92,263.92,263.92
2022-01-08,14,Invierno,239.43,239.43,239.43,239.43,239.43
2022-01-08,15,Invierno,221.51,221.51,221.51,221.51,221.51
2022-01-08,16,Invierno,214.72,214.72,214.72,214.72,214.72
2022-01-08,17,Invierno,217.44,217.44,217.44,217.44,217.44
2022-01-08,18,Invierno,249.06,249.06,249.06,249.06,249.06
2022-01-08,19,Invierno,267.87,267.87,267.87,267.87,267.87
2022-01-08,20,Invierno,269.96,269.96,269.96,269.96,269.96
2022-01-08,21,Invierno,269.94,269.94,269.94,269.94,269.94
2022-01-08,22,Invierno,270.0,270.0,270.0,270.0,270.0
2022-01-08,23,Invierno,243.49,243.49,243.49,243.49,243.49
2022-01-08,24,Invierno,199.52,199.52,199.52,199.52,199.52
2022-01-09,1,Invierno,161.24,161.24,161.24,161.24,161.24
2022-01-09,2,Invierno,140.55,140.55,140.55,140.55,140.55
2022-01-09,3,Invierno,129.36,129.36,129.36,129.36,129.36
2022-01-09,4,Invierno,100.83,100.83,100.83,100.83,100.83
2022-01-09,5,Invierno,90.11,90.11,90.11,90.11,90.11
2022-01-09,6,Invierno,94.5,94.5,94.5,94.5,94.5
2022-01-09,7,Invierno,123.58,123.58,123.58,123.58,123.58
2022-01-09,8,Invierno,140.44,140.44,140.44,140.44,140.44
2022-01-09,9,Invierno,157.19,157.19,157.19,157.19,157.19
2022-01-09,10,Invierno,192.04,192.04,192.04,192.04,192.04
2022-01-09,11,Invierno,188.28,188.28,188.28,188.28,188.28
2022-01-09,12,Invierno,163.07,163.07,163.07,163.07,163.07
2022-01-09,13,Invierno,102.19,102.19,102.19,102.19,102.19
2022-01-09,14,Invierno,102.17,102.17,102.17,102.17,102.17
2022-01-09,15,Invierno,87.97,87.97,87.97,87.97,87.97
2022-01-09,16,Invierno,36.34,36.34,36.34,36.34,36.34
2022-01-09,17,Invierno,136.04,136.04,136.04,136.04,136.04
2022-01-09,18,Invierno,217.43,217.43,217.43,217.43,217.43
2022-01-09,19,Invierno,271.73,271.73,271.73,271.73,271.73
2022-01-09,20,Invierno,306.96,306.96,306.96,306.96,306.96
2022-01-09,21,Invierno,295.63,295.63,295.63,295.63,295.63
2022-01-09,22,Invierno,275.39,275.39,275.39,275.39,275.39
2022-01-09,23,Invierno,278.98,278.98,278.98,278.98,278.98
2022-01-09,24,Invierno,251.28,251.28,251.28,251.28,251.28
2022-01-10,1,Invierno,262.57,262.57,262.57,262.57,262.57
2022-01-10,2,Invierno,227.98,227.98,227.98,227.98,227.98
2022-01-10,3,Invierno,220.69,220.69,220.69,220.69,220.69
2022-01-10,4,Invierno,222.04,222.04,222.04,222.04,222.04
2022-01-10,5,Invierno,222.81,222.81,222.81,222.81,222.81
2022-01-10,6,Invierno,238.5,238.5,238.5,238.5,238.5
2022-01-10,7,Invierno,263.71,263.71,263.71,263.71,263.71
2022-01-10,8,Invierno,287.76,287.76,287.76,287.76,287.76
2022-01-10,9,Invierno,321.0,321.0,321.0,321.0,321.0
2022-01-10,10,Invierno,326.45,326.45,326.45,326.45,326.45
2022-01-10,11,Invierno,392.64,392.64,392.64,323.2,323.2
2022-01-10,12,Invierno,380.16,380.16,380.16,380.16,380.16
2022-01-10,13,Invierno,372.91,372.91,372.91,372.91,372.91
2022-01-10,14,Invierno,365.22,365.22,365.22,365.22,365.22
2022-01-10,15,Invierno,283.98,283.98,283.98,353.51,353.51
2022-01-10,16,Invierno,278.83,278.83,278.83,278.83,278.83
2022-01-10,17,Invierno,306.8,306.8,306.8,306.8,306.8
2022-01-10,18,Invierno,347.18,347.18,347.18,347.18,347.18
2022-01-10,19,Invierno,453.92,453.92,453.92,384.27,384.27
2022-01-10,20,Invierno,464.32,464.32,464.32,464.32,464.32
2022-01-10,21,Invierno,432.73,432.73,432.73,432.73,432.73
2022-01-10,22,Invierno,403.79,403.79,403.79,403.79,403.79
2022-01-10,23,Invierno,304.88,304.88,304.88,374.5,374.5
2022-01-10,24,Invierno,284.01,284.01,284.01,284.01,284.01
2022-01-11,1,Invierno,271.35,271.35,271.35,271.35,271.35
2022-01-11,2,Invierno,262.8,262.8,262.8,262.8,262.8
2022-01-11,3,Invierno,257.57,257.57,257.57,257.57,257.57
2022-01-11,4,Invierno,252.24,252.24,252.24,252.24,252.24
2022-01-11,5,Invierno,254.88,254.88,254.88,254.88,254.88
2022-01-11,6,Invierno,265.91,265.91,265.91,265.91,265.91
2022-01-11,7,Invierno,280.93,280.93,280.93,280.93,280.93
2022-01-11,8,Invierno,285.83,285.83,285.83,285.83,285.83
2022-01-11,9,Invierno,337.73,337.73,337.73,337.73,337.73
2022-01-11,10,Invierno,336.94,336.94,336.94,336.94,336.94
2022-01-11,11,Invierno,395.71,395.71,395.71,326.26,326.26
2022-01-11,12,Invierno,358.8,358.8,358.8,358.8,358.8
2022-01-11,13,Invierno,352.52,352.52,352.52,352.52,352.52
2022-01-11,14,Invierno,352.22,352.22,352.22,352.22,352.22
2022-01-11,15,Invierno,283.27,283.27,283.27,352.79,352.79
2022-01-11,16,Invierno,284.14,284.14,284.14,284.14,284.14
2022-01-11,17,Invierno,291.95,291.95,291.95,291.95,291.95
2022-01-11,18,Invierno,330.71,330.71,330.71,330.71,330.71
2022-01-11,19,Invierno,422.53,422.53,422.53,352.98,352.98
2022-01-11,20,Invierno,424.9,424.9,424.9,424.9,424.9
2022-01-11,21,Invierno,426.54,426.54,426.54,426.54,426.54
2022-01-11,22,Invierno,406.36,406.36,406.36,406.36,406.36
2022-01-11,23,Invierno,316.67,316.67,316.67,386.35,386.35
2022-01-11,24,Invierno,299.01,299.01,299.01,299.01,299.01
2022-01-12,1,Invierno,252.56,252.56,252.56,252.56,252.56
2022-01-12,2,Invierno,242.35,242.35,242.35,242.35,242.35
2022-01-12,3,Invierno,239.96,239.96,239.96,239.96,239.96
2022-01-12,4,Invierno,234.49,234.49,234.49,234.49,234.49
2022-01-12,5,Invierno,232.97,232.97,232.97,232.97,232.97
2022-01-12,6,Invierno,246.66,246.66,246.66,246.66,246.66
2022-01-12,7,Invierno,237.68,237.68,237.68,237.68,237.68
2022-01-12,8,Invierno,251.55,251.55,251.55,251.55,251.55
2022-01-12,9,Invierno,297.34,297.34,297.34,297.34,297.34
2022-01-12,10,Invierno,282.58,282.58,282.58,282.58,282.58
2022-01-12,11,Invierno,344.21,344.21,344.21,274.93,274.93
2022-01-12,12,Invierno,340.63,340.63,340.63,340.63,340.63
2022-01-12,13,Invierno,341.34,341.34,341.34,341.34,341.34
2022-01-12,14,Invierno,342.07,342.07,342.07,342.07,342.07
2022-01-12,15,Invierno,272.99,272.99,272.99,342.27,342.27
2022-01-12,16,Invierno,276.46,276.46,276.46,276.46,276.46
2022-01-12,17,Invierno,278.14,278.14,278.14,278.14,278.14
2022-01-12,18,Invierno,310.79,310.79,310.79,310.79,310.79
2022-01-12,19,Invierno,415.28,415.28,415.28,345.5,345.5
2022-01-12,20,Invierno,421.94,421.94,421.94,421.94,421.94
2022-01-12,21,Invierno,412.68,412.68,412.68,412.68,412.68
2022-01-12,22,Invierno,376.95,376.95,376.95,376.95,376.95
2022-01-12,23,Invierno,297.3,297.3,297.3,366.66,366.66
2022-01-12,24,Invierno,282.89,282.89,282.89,282.89,282.89
2022-01-13,1,Invierno,244.56,244.56,244.56,244.56,244.56
2022-01-13,2,Invierno,245.43,245.43,245.43,245.43,245.43
2022-01-13,3,Invierno,245.65,245.65,245.65,245.65,245.65
2022-01-13,4,Invierno,240.18,240.18,240.18,240.18,240.18
2022-01-13,5,Invierno,245.14,245.14,245.14,245.14,245.14
2022-01-13,6,Invierno,244.02,244.02,244.02,244.02,244.02
2022-01-13,7,Invierno,246.5,246.5,246.5,246.5,246.5
2022-01-13,8,Invierno,275.43,275.43,275.43,275.43,275.43
2022-01-13,9,Invierno,309.6,309.6,309.6,309.6,309.6
2022-01-13,10,Invierno,309.1,309.1,309.1,309.1,309.1
2022-01-13,11,Invierno,369.03,369.03,369.03,299.67,299.67
2022-01-13,12,Invierno,364.77,364.77,364.77,364.77,364.77
2022-01-13,13,Invierno,361.86,361.86,361.86,361.86,361.86
2022-01-13,14,Invierno,362.1,362.1,362.1,362.1,362.1
2022-01-13,15,Invierno,292.98,292.98,292.98,362.32,362.32
2022-01-13,16,Invierno,294.03,294.03,294.03,294.03,294.03
2022-01-13,17,Invierno,302.87,302.87,302.87,302.87,302.87
2022-01-13,18,Invierno,315.16,315.16,315.16,315.16,315.16
2022-01-13,19,Invierno,421.18,421.18,421.18,351.63,351.63
2022-01-13,20,Invierno,425.48,425.48,425.48,425.48,425.48
2022-01-13,21,Invierno,413.22,413.22,413.22,413.22,413.22
2022-01-13,22,Invierno,387.42,387.42,387.42,387.42,387.42
2022-01-13,23,Invierno,303.64,303.64,303.64,373.27,373.27
2022-01-13,24,Invierno,293.16,293.16,293.16,293.16,293.16
2022-01-14,1,Invierno,262.33,262.33,262.33,262.33,262.33
2022-01-14,2,Invierno,257.8,257.8,257.8,257.8,257.8
2022-01-14,3,Invierno,254.54,254.54,254.54,254.54,254.54
2022-01-14,4,Invierno,250.59,250.59,250.59,250.59,250.59
2022-01-14,5,Invierno,250.47,250.47,250.47,250.47,250.47
2022-01-14,6,Invierno,255.14,255.14,255.14,255.14,255.14
2022-01-14,7,Invierno,262.76,262.76,262.76,262.76,262.76
2022-01-14,8,Invierno,256.9,256.9,256.9,256.9,256.9
2022-01-14,9,Invierno,287.49,287.49,287.49,287.49,287.49
2022-01-14,10,Invierno,285.57,285.57,285.57,285.57,285.57
2022-01-14,11,Invierno,344.44,344.44,344.44,275.14,275.14
2022-01-14,12,Invierno,323.78,323.78,323.78,323.78,323.78
2022-01-14,13,Invierno,321.34,321.34,321.34,321.34,321.34
2022-01-14,14,Invierno,322.14,322.14,322.14,322.14,322.14
2022-01-14,15,Invierno,253.25,253.25,253.25,322.45,322.45
2022-01-14,16,Invierno,256.64,256.64,256.64,256.64,256.64
2022-01-14,17,Invierno,279.04,279.04,279.04,279.04,279.04
2022-01-14,18,Invierno,290.66,290.66,290.66,290.66,290.66
2022-01-14,19,Invierno,380.39,380.39,380.39,310.75,310.75
2022-01-14,20,Invierno,390.62,390.62,390.62,390.62,390.62
2022-01-14,21,Invierno,392.52,392.52,392.52,392.52,392.52
2022-01-14,22,Invierno,381.72,381.72,381.72,381.72,381.72
2022-01-14,23,Invierno,302.64,302.64,302.64,372.25,372.25
2022-01-14,24,Invierno,290.79,290.79,290.79,290.79,290.79
2022-01-15,1,Invierno,286.34,286.34,286.34,286.34,286.34
2022-01-15,2,Invierno,280.74,280.74,280.74,280.74,280.74
2022-01-15,3,Invierno,276.21,276.21,276.21,276.21,276.21
2022-01-15,4,Invierno,261.41,261.41,261.41,261.41,261.41
2022-01-15,5,Invierno,257.55,257.55,257.55,257.55,257.55
2022-01-15,6,Invierno,259.8,259.8,259.8,259.8,259.8
2022-01-15,7,Invierno,265.12,265.12,265.12,265.12,265.12
2022-01-15,8,Invierno,283.22,283.22,283.22,283.22,283.22
2022-01-15,9,Invierno,287.54,287.54,287.54,287.54,287.54
2022-01-15,10,Invierno,286.86,286.86,286.86,286.86,286.86
2022-01-15,11,Invierno,279.47,279.47,279.47,279.47,279.47
2022-01-15,12,Invierno,269.6,269.6,269.6,269.6,269.6
2022-01-15,13,Invierno,262.24,262.24,262.24,262.24,262.24
2022-01-15,14,Invierno,251.89,251.89,251.89,251.89,251.89
2022-01-15,15,Invierno,256.25,256.25,256.25,256.25,256.25
2022-01-15,16,Invierno,270.9,270.9,270.9,270.9,270.9
2022-01-15,17,Invierno,278.89,278.89,278.89,278.89,278.89
2022-01-15,18,Invierno,296.7,296.7,296.7,296.7,296.7
2022-01-15,19,Invierno,339.66,339.66,339.66,339.66,339.66
2022-01-15,20,Invierno,331.75,331.75,331.75,331.75,331.75
2022-01-15,21,Invierno,309.71,309.71,309.71,309.71,309.71
2022-01-15,22,Invierno,291.49,291.49,291.49,291.49,291.49
2022-01-15,23,Invierno,285.11,285.11,285.11,285.11,285.11
2022-01-15,24,Invierno,278.8,278.8,278.8,278.8,278.8
2022-01-16,1,Invierno,292.16,292.16,292.16,292.16,292.16
2022-01-16,2,Invierno,283.6,283.6,283.6,283.6,283.6
2022-01-16,3,Invierno,275.2,275.2,275.2,275.2,275.2
2022-01-16,4,Invierno,263.9,263.9,263.9,263.9,263.9
2022-01-16,5,Invierno,251.8,251.8,251.8,251.8,251.8
2022-01-16,6,Invierno,251.56,251.56,251.56,251.56,251.56
2022-01-16,7,Invierno,263.84,263.84,263.84,263.84,263.84
2022-01-16,8,Invierno,262.56,262.56,262.56,262.56,262.56
2022-01-16,9,Invierno,260.27,260.27,260.27,260.27,260.27
2022-01-16,10,Invierno,262.43,262.43,262.43,262.43,262.43
2022-01-16,11,Invierno,259.0,259.0,259.0,259.0,259.0
2022-01-16,12,Invierno,257.85,257.85,257.85,257.85,257.85
2022-01-16,13,Invierno,259.23,259.23,259.23,259.23,259.23
2022-01-16,14,Invierno,246.34,246.34,246.34,246.34,246.34
2022-01-16,15,Invierno,242.96,242.96,242.96,242.96,242.96
2022-01-16,16,Invierno,250.75,250.75,250.75,250.75,250.75
2022-01-16,17,Invierno,257.95,257.95,257.95,257.95,257.95
2022-01-16,18,Invierno,286.22,286.22,286.22,286.22,286.22
2022-01-16,19,Invierno,327.87,327.87,327.87,327.87,327.87
2022-01-16,20,Invierno,337.73,337.73,337.73,337.73,337.73
2022-01-16,21,Invierno,327.4,327.4,327.4,327.4,327.4
2022-01-16,22,Invierno,315.97,315.97,315.97,315.97,315.97
2022-01-16,23,Invierno,292.2,292.2,292.2,292.2,292.2
2022-01-16,24,Invierno,272.92,272.92,272.92,272.92,272.92
2022-01-17,1,Invierno,323.77,323.77,323.77,323.77,323.77
2022-01-17,2,Invierno,316.03,316.03,316.03,316.03,316.03
2022-01-17,3,Invierno,305.12,305.12,305.12,305.12,305.12
2022-01-17,4,Invierno,284.72,284.72,284.72,284.72,284.72
2022-01-17,5,Invierno,277.27,277.27,277.27,277.27,277.27
2022-01-17,6,Invierno,292.58,292.58,292.58,292.58,292.58
2022-01-17,7,Invierno,316.87,316.87,316.87,316.87,316.87
2022-01-17,8,Invierno,338.24,338.24,338.24,338.24,338.24
2022-01-17,9,Invierno,355.18,355.18,355.18,355.18,355.18
2022-01-17,10,Invierno,342.05,342.05,342.05,342.05,342.05
2022-01-17,11,Invierno,394.72,394.72,394.72,325.27,325.27
2022-01-17,12,Invierno,388.13,388.13,388.13,388.13,388.13
2022-01-17,13,Invierno,387.94,387.94,387.94,387.94,387.94
2022-01-17,14,Invierno,387.67,387.67,387.67,387.67,387.67
2022-01-17,15,Invierno,317.11,317.11,317.11,386.79,386.79
2022-01-17,16,Invierno,312.19,312.19,312.19,312.19,312.19
2022-01-17,17,Invierno,320.13,320.13,320.13,320.13,320.13
2022-01-17,18,Invierno,337.37,337.37,337.37,337.37,337.37
2022-01-17,19,Invierno,426.46,426.46,426.46,356.89,356.89
2022-01-17,20,Invierno,452.93,452.93,452.93,452.93,452.93
2022-01-17,21,Invierno,443.98,443.98,443.98,443.98,443.98
2022-01-17,22,Invierno,421.59,421.59,421.59,421.59,421.59
2022-01-17,23,Invierno,342.4,342.4,342.4,412.16,412.16
2022-01-17,24,Invierno,321.27,321.27,321.27,321.27,321.27
2022-01-18,1,Invierno,274.89,274.89,274.89,274.89,274.89
2022-01-18,2,Invierno,263.96,263.96,263.96,263.96,263.96
2022-01-18,3,Invierno,261.72,261.72,261.72,261.72,261.72
2022-01-18,4,Invierno,254.93,254.93,254.93,254.93,254.93
2022-01-18,5,Invierno,254.53,254.53,254.53,254.53,254.53
2022-01-18,6,Invierno,266.84,266.84,266.84,266.84,266.84
2022-01-18,7,Invierno,285.76,285.76,285.76,285.76,285.76
2022-01-18,8,Invierno,284.6,284.6,284.6,284.6,284.6
2022-01-18,9,Invierno,320.16,320.16,320.16,320.16,320.16
2022-01-18,10,Invierno,315.06,315.06,315.06,315.06,315.06
2022-01-18,11,Invierno,370.25,370.25,370.25,300.88,300.88
2022-01-18,12,Invierno,365.36,365.36,365.36,365.36,365.36
2022-01-18,13,Invierno,364.32,364.32,364.32,364.32,364.32
2022-01-18,14,Invierno,364.09,364.09,364.09,364.09,364.09
2022-01-18,15,Invierno,293.85,293.85,293.85,363.41,363.41
2022-01-18,16,Invierno,291.0,291.0,291.0,291.0,291.0
2022-01-18,17,Invierno,299.6,299.6,299.6,299.6,299.6
2022-01-18,18,Invierno,317.07,317.07,317.07,317.07,317.07
2022-01-18,19,Invierno,415.06,415.06,415.06,345.54,345.54
2022-01-18,20,Invierno,437.62,437.62,437.62,437.62,437.62
2022-01-18,21,Invierno,422.4,422.4,422.4,422.4,422.4
2022-01-18,22,Invierno,399.87,399.87,399.87,399.87,399.87
2022-01-18,23,Invierno,314.33,314.33,314.33,383.99,383.99
2022-01-18,24,Invierno,300.98,300.98,300.98,300.98,300.98
2022-01-19,1,Invierno,285.53,285.53,285.53,285.53,285.53
2022-01-19,2,Invierno,277.15,277.15,277.15,277.15,277.15
2022-01-19,3,Invierno,263.57,263.57,263.57,263.57,263.57
2022-01-19,4,Invierno,252.6,252.6,252.6,252.6,252.6
2022-01-19,5,Invierno,246.86,246.86,246.86,246.86,246.86
2022-01-19,6,Invierno,253.38,253.38,253.38,253.38,253.38
2022-01-19,7,Invierno,283.32,283.32,283.32,283.32,283.32
2022-01-19,8,Invierno,283.32,283.32,283.32,283.32,283.32
2022-01-19,9,Invierno,323.8,323.8,323.8,323.8,323.8
2022-01-19,10,Invierno,313.19,313.19,313.19,313.19,313.19
2022-01-19,11,Invierno,363.92,363.92,363.92,294.57,294.57
2022-01-19,12,Invierno,353.66,353.66,353.66,353.66,353.66
2022-01-19,13,Invierno,353.99,353.99,353.99,353.99,353.99
2022-01-19,14,Invierno,353.5,353.5,353.5,353.5,353.5
2022-01-19,15,Invierno,252.43,252.43,252.43,321.65,321.65
2022-01-19,16,Invierno,252.4,252.4,252.4,252.4,252.4
2022-01-19,17,Invierno,258.49,258.49,258.49,258.49,258.49
2022-01-19,18,Invierno,299.65,299.65,299.65,299.65,299.65
2022-01-19,19,Invierno,394.95,394.95,394.95,325.24,325.24
2022-01-19,20,Invierno,420.2,420.2,420.2,420.2,420.2
2022-01-19,21,Invierno,414.16,414.16,414.16,414.16,414.16
2022-01-19,22,Invierno,376.63,376.63,376.63,376.63,376.63
2022-01-19,23,Invierno,291.73,291.73,291.73,361.08,361.08
2022-01-19,24,Invierno,271.45,271.45,271.45,271.45,271.45
2022-01-20,1,Invierno,251.5,251.5,251.5,251.5,251.5
2022-01-20,2,Invierno,243.44,243.44,243.44,243.44,243.44
2022-01-20,3,Invierno,238.01,238.01,238.01,238.01,238.01
2022-01-20,4,Invierno,228.79,228.79,228.79,228.79,228.79
2022-01-20,5,Invierno,224.98,224.98,224.98,224.98,224.98
2022-01-20,6,Invierno,233.68,233.68,233.68,233.68,233.68
2022-01-20,7,Invierno,239.8,239.8,239.8,239.8,239.8
2022-01-20,8,Invierno,260.2,260.2,260.2,260.2,260.2
2022-01-20,9,Invierno,299.64,299.64,299.64,299.64,299.64
2022-01-20,10,Invierno,297.33,297.33,297.33,297.33,297.33
2022-01-20,11,Invierno,352.57,352.57,352.57,283.27,283.27
2022-01-20,12,Invierno,327.47,327.47,327.47,327.47,327.47
2022-01-20,13,Invierno,312.28,312.28,312.28,312.28,312.28
2022-01-20,14,Invierno,311.85,311.85,311.85,311.85,311.85
2022-01-20,15,Invierno,232.53,232.53,232.53,301.67,301.67
2022-01-20,16,Invierno,230.32,230.32,230.32,230.32,230.32
2022-01-20,17,Invierno,235.19,235.19,235.19,235.19,235.19
2022-01-20,18,Invierno,282.53,282.53,282.53,282.53,282.53
2022-01-20,19,Invierno,368.65,368.65,368.65,299.27,299.27
2022-01-20,20,Invierno,397.01,397.01,397.01,397.01,397.01
2022-01-20,21,Invierno,374.68,374.68,374.68,374.68,374.68
2022-01-20,22,Invierno,361.95,361.95,361.95,361.95,361.95
2022-01-20,23,Invierno,265.64,265.64,265.64,335.1,335.1
2022-01-20,24,Invierno,254.68,254.68,254.68,254.68,254.68
2022-01-21,1,Invierno,233.84,233.84,233.84,233.84,233.84
2022-01-21,2,Invierno,216.26,216.26,216.26,216.26,216.26
2022-01-21,3,Invierno,212.19,212.19,212.19,212.19,212.19
2022-01-21,4,Invierno,206.59,206.59,206.59,206.59,206.59
2022-01-21,5,Invierno,206.71,206.71,206.71,206.71,206.71
2022-01-21,6,Invierno,211.38,211.38,211.38,211.38,211.38
2022-01-21,7,Invierno,211.07,211.07,211.07,211.07,211.07
2022-01-21,8,Invierno,234.42,234.42,234.42,234.42,234.42
2022-01-21,9,Invierno,282.92,282.92,282.92,282.92,282.92
2022-01-21,10,Invierno,281.32,281.32,281.32,281.32,281.32
2022-01-21,11,Invierno,325.93,325.93,325.93,256.69,256.69
2022-01-21,12,Invierno,300.53,300.53,300.53,300.53,300.53
2022-01-21,13,Invierno,298.91,298.91,298.91,298.91,298.91
2022-01-21,14,Invierno,299.65,299.65,299.65,299.65,299.65
2022-01-21,15,Invierno,230.29,230.29,230.29,299.43,299.43
2022-01-21,16,Invierno,229.59,229.59,229.59,229.59,229.59
2022-01-21,17,Invierno,234.4,234.4,234.4,234.4,234.4
2022-01-21,18,Invierno,260.97,260.97,260.97,260.97,260.97
2022-01-21,19,Invierno,357.05,357.05,357.05,287.51,287.51
2022-01-21,20,Invierno,367.78,367.78,367.78,367.78,367.78
2022-01-21,21,Invierno,367.69,367.69,367.69,367.69,367.69
2022-01-21,22,Invierno,362.3,362.3,362.3,362.3,362.3
2022-01-21,23,Invierno,284.51,284.51,284.51,354.05,354.05
2022-01-21,24,Invierno,265.12,265.12,265.12,265.12,265.12
2022-01-22,1,Invierno,250.78,250.78,250.78,250.78,250.78
2022-01-22,2,Invierno,232.75,232.75,232.75,232.75,232.75
2022-01-22,3,Invierno,225.43,225.43,225.43,225.43,225.43
2022-01-22,4,Invierno,224.91,224.91,224.91,224.91,224.91
2022-01-22,5,Invierno,225.77,225.77,225.77,225.77,225.77
2022-01-22,6,Invierno,226.48,226.48,226.48,226.48,226.48
2022-01-22,7,Invierno,226.47,226.47,226.47,226.47,226.47
2022-01-22,8,Invierno,223.7,223.7,223.7,223.7,223.7
2022-01-22,9,Invierno,218.94,218.94,218.94,218.94,218.94
2022-01-22,10,Invierno,232.89,232.89,232.89,232.89,232.89
2022-01-22,11,Invierno,237.71,237.71,237.71,237.71,237.71
2022-01-22,12,Invierno,231.8,231.8,231.8,231.8,231.8
2022-01-22,13,Invierno,232.61,232.61,232.61,232.61,232.61
2022-01-22,14,Invierno,240.96,240.96,240.96,240.96,240.96
2022-01-22,15,Invierno,240.02,240.02,240.02,240.02,240.02
2022-01-22,16,Invierno,243.07,243.07,243.07,243.07,243.07
2022-01-22,17,Invierno,248.01,248.01,248.01,248.01,248.01
2022-01-22,18,Invierno,262.64,262.64,262.64,262.64,262.64
2022-01-22,19,Invierno,291.05,291.05,291.05,291.05,291.05
2022-01-22,20,Invierno,312.4,312.4,312.4,312.4,312.4
2022-01-22,21,Invierno,290.17,290.17,290.17,290.17,290.17
2022-01-22,22,Invierno,271.5,271.5,271.5,271.5,271.5
2022-01-22,23,Invierno,260.41,260.41,260.41,260.41,260.41
2022-01-22,24,Invierno,254.38,254.38,254.38,254.38,254.38
2022-01-23,1,Invierno,257.16,257.16,257.16,257.16,257.16
2022-01-23,2,Invierno,250.48,250.48,250.48,250.48,250.48
2022-01-23,3,Invierno,249.52,249.52,249.52,249.52,249.52
2022-01-23,4,Invierno,241.22,241.22,241.22,241.22,241.22
2022-01-23,5,Invierno,241.4,241.4,241.4,241.4,241.4
2022-01-23,6,Invierno,241.95,241.95,241.95,241.95,241.95
2022-01-23,7,Invierno,240.03,240.03,240.03,240.03,240.03
2022-01-23,8,Invierno,249.74,249.74,249.74,249.74,249.74
2022-01-23,9,Invierno,248.49,248.49,248.49,248.49,248.49
2022-01-23,10,Invierno,251.19,251.19,251.19,251.19,251.19
2022-01-23,11,Invierno,248.09,248.09,248.09,248.09,248.09
2022-01-23,12,Invierno,247.91,247.91,247.91,247.91,247.91
2022-01-23,13,Invierno,247.79,247.79,247.79,247.79,247.79
2022-01-23,14,Invierno,236.07,236.07,236.07,236.07,236.07
2022-01-23,15,Invierno,234.32,234.32,234.32,234.32,234.32
2022-01-23,16,Invierno,242.62,242.62,242.62,242.62,242.62
2022-01-23,17,Invierno,249.98,249.98,249.98,249.98,249.98
2022-01-23,18,Invierno,276.58,276.58,276.58,276.58,276.58
2022-01-23,19,Invierno,306.33,306.33,306.33,306.33,306.33
2022-01-23,20,Invierno,312.17,312.17,312.17,312.17,312.17
2022-01-23,21,Invierno,317.45,317.45,317.45,317.45,317.45
2022-01-23,22,Invierno,315.09,315.09,315.09,315.09,315.09
2022-01-23,23,Invierno,285.16,285.16,285.16,285.16,285.16
2022-01-23,24,Invierno,262.71,262.71,262.71,262.71,262.71
2022-01-24,1,Invierno,249.32,249.32,249.32,249.32,249.32
2022-01-24,2,Invierno,239.31,239.31,239.31,239.31,239.31
2022-01-24,3,Invierno,239.37,239.37,239.37,239.37,239.37
2022-01-24,4,Invierno,238.31,238.31,238.31,238.31,238.31
2022-01-24,5,Invierno,238.12,238.12,238.12,238.12,238.12
2022-01-24,6,Invierno,251.92,251.92,251.92,251.92,251.92
2022-01-24,7,Invierno,287.74,287.74,287.74,287.74,287.74
2022-01-24,8,Invierno,297.01,297.01,297.01,297.01,297.01
2022-01-24,9,Invierno,330.05,330.05,330.05,330.05,330.05
2022-01-24,10,Invierno,329.61,329.61,329.61,329.61,329.61
2022-01-24,11,Invierno,392.52,392.52,392.52,323.07,323.07
2022-01-24,12,Invierno,386.13,386.13,386.13,386.13,386.13
2022-01-24,13,Invierno,382.44,382.44,382.44,382.44,382.44
2022-01-24,14,Invierno,381.99,381.99,381.99,381.99,381.99
2022-01-24,15,Invierno,311.45,311.45,311.45,381.09,381.09
2022-01-24,16,Invierno,313.7,313.7,313.7,313.7,313.7
2022-01-24,17,Invierno,315.99,315.99,315.99,315.99,315.99
2022-01-24,18,Invierno,326.48,326.48,326.48,326.48,326.48
2022-01-24,19,Invierno,427.61,427.61,427.61,358.05,358.05
2022-01-24,20,Invierno,467.41,467.41,467.41,467.41,467.41
2022-01-24,21,Invierno,441.57,441.57,441.57,441.57,441.57
2022-01-24,22,Invierno,412.18,412.18,412.18,412.18,412.18
2022-01-24,23,Invierno,325.74,325.74,325.74,395.45,395.45
2022-01-24,24,Invierno,302.82,302.82,302.82,302.82,302.82
2022-01-25,1,Invierno,282.25,282.25,282.25,282.25,282.25
2022-01-25,2,Invierno,275.09,275.09,275.09,275.09,275.09
2022-01-25,3,Invierno,264.91,264.91,264.91,264.91,264.91
2022-01-25,4,Invierno,256.24,256.24,256.24,256.24,256.24
2022-01-25,5,Invierno,259.68,259.68,259.68,259.68,259.68
2022-01-25,6,Invierno,278.46,278.46,278.46,278.46,278.46
2022-01-25,7,Invierno,285.64,285.64,285.64,285.64,285.64
2022-01-25,8,Invierno,284.85,284.85,284.85,284.85,284.85
2022-01-25,9,Invierno,321.07,321.07,321.07,321.07,321.07
2022-01-25,10,Invierno,318.77,318.77,318.77,318.77,318.77
2022-01-25,11,Invierno,377.42,377.42,377.42,308.03,308.03
2022-01-25,12,Invierno,371.59,371.59,371.59,371.59,371.59
2022-01-25,13,Invierno,367.41,367.41,367.41,367.41,367.41
2022-01-25,14,Invierno,363.68,363.68,363.68,363.68,363.68
2022-01-25,15,Invierno,294.81,294.81,294.81,364.39,364.39
2022-01-25,16,Invierno,300.04,300.04,300.04,300.04,300.04
2022-01-25,17,Invierno,308.59,308.59,308.59,308.59,308.59
2022-01-25,18,Invierno,315.65,315.65,315.65,315.65,315.65
2022-01-25,19,Invierno,396.13,396.13,396.13,326.68,326.68
2022-01-25,20,Invierno,408.5,408.5,408.5,408.5,408.5
2022-01-25,21,Invierno,418.72,418.72,418.72,418.72,418.72
2022-01-25,22,Invierno,401.99,401.99,401.99,401.99,401.99
2022-01-25,23,Invierno,319.16,319.16,319.16,388.84,388.84
2022-01-25,24,Invierno,301.85,301.85,301.85,301.85,301.85
2022-01-26,1,Invierno,312.52,312.52,312.52,312.52,312.52
2022-01-26,2,Invierno,302.14,302.14,302.14,302.14,302.14
2022-01-26,3,Invierno,299.75,299.75,299.75,299.75,299.75
2022-01-26,4,Invierno,295.51,295.51,295.51,295.51,295.51
2022-01-26,5,Invierno,292.18,292.18,292.18,292.18,292.18
2022-01-26,6,Invierno,300.69,300.69,300.69,300.69,300.69
2022-01-26,7,Invierno,295.78,295.78,295.78,295.78,295.78
2022-01-26,8,Invierno,297.92,297.92,297.92,297.92,297.92
2022-01-26,9,Invierno,329.43,329.43,329.43,329.43,329.43
2022-01-26,10,Invierno,328.73,328.73,328.73,328.73,328.73
2022-01-26,11,Invierno,391.86,391.86,391.86,322.41,322.41
2022-01-26,12,Invierno,389.79,389.79,389.79,389.79,389.79
2022-01-26,13,Invierno,386.45,386.45,386.45,386.45,386.45
2022-01-26,14,Invierno,384.92,384.92,384.92,384.92,384.92
2022-01-26,15,Invierno,311.41,311.41,311.41,380.81,380.81
2022-01-26,16,Invierno,311.96,311.96,311.96,311.96,311.96
2022-01-26,17,Invierno,318.96,318.96,318.96,318.96,318.96
2022-01-26,18,Invierno,323.81,323.81,323.81,323.81,323.81
2022-01-26,19,Invierno,401.81,401.81,401.81,332.08,332.08
2022-01-26,20,Invierno,406.79,406.79,406.79,406.79,406.79
2022-01-26,21,Invierno,409.01,409.01,409.01,409.01,409.01
2022-01-26,22,Invierno,402.77,402.77,402.77,402.77,402.77
2022-01-26,23,Invierno,324.65,324.65,324.65,394.11,394.11
2022-01-26,24,Invierno,314.88,314.88,314.88,314.88,314.88
2022-01-27,1,Invierno,304.14,304.14,304.14,304.14,304.14
2022-01-27,2,Invierno,296.78,296.78,296.78,296.78,296.78
2022-01-27,3,Invierno,297.33,297.33,297.33,297.33,297.33
2022-01-27,4,Invierno,288.96,288.96,288.96,288.96,288.96
2022-01-27,5,Invierno,286.26,286.26,286.26,286.26,286.26
2022-01-27,6,Invierno,285.57,285.57,285.57,285.57,285.57
2022-01-27,7,Invierno,285.07,285.07,285.07,285.07,285.07
2022-01-27,8,Invierno,296.33,296.33,296.33,296.33,296.33
2022-01-27,9,Invierno,336.13,336.13,336.13,336.13,336.13
2022-01-27,10,Invierno,335.59,335.59,335.59,335.59,335.59
2022-01-27,11,Invierno,390.56,390.56,390.56,321.12,321.12
2022-01-27,12,Invierno,381.0,381.0,381.0,381.0,381.0
2022-01-27,13,Invierno,381.73,381.73,381.73,381.73,381.73
2022-01-27,14,Invierno,382.65,382.65,382.65,382.65,382.65
2022-01-27,15,Invierno,308.38,308.38,308.38,377.78,377.78
2022-01-27,16,Invierno,307.51,307.51,307.51,307.51,307.51
2022-01-27,17,Invierno,314.15,314.15,314.15,314.15,314.15
2022-01-27,18,Invierno,324.13,324.13,324.13,324.13,324.13
2022-01-27,19,Invierno,402.61,402.61,402.61,333.12,333.12
2022-01-27,20,Invierno,408.73,408.73,408.73,408.73,408.73
2022-01-27,21,Invierno,408.36,408.36,408.36,408.36,408.36
2022-01-27,22,Invierno,396.25,396.25,396.25,396.25,396.25
2022-01-27,23,Invierno,301.31,301.31,301.31,370.92,370.92
2022-01-27,24,Invierno,311.08,311.08,311.08,311.08,311.08
2022-01-28,1,Invierno,296.54,296.54,296.54,296.54,296.54
2022-01-28,2,Invierno,284.79,284.79,284.79,284.79,284.79
2022-01-28,3,Invierno,272.59,272.59,272.59,272.59,272.59
2022-01-28,4,Invierno,261.3,261.3,261.3,261.3,261.3
2022-01-28,5,Invierno,249.81,249.81,249.81,249.81,249.81
2022-01-28,6,Invierno,265.97,265.97,265.97,265.97,265.97
2022-01-28,7,Invierno,284.91,284.91,284.91,284.91,284.91
2022-01-28,8,Invierno,302.65,302.65,302.65,302.65,302.65
2022-01-28,9,Invierno,338.03,338.03,338.03,338.03,338.03
2022-01-28,10,Invierno,331.89,331.89,331.89,331.89,331.89
2022-01-28,11,Invierno,381.4,381.4,381.4,311.98,311.98
2022-01-28,12,Invierno,371.02,371.02,371.02,371.02,371.02
2022-01-28,13,Invierno,366.52,366.52,366.52,366.52,366.52
2022-01-28,14,Invierno,360.3,360.3,360.3,360.3,360.3
2022-01-28,15,Invierno,269.76,269.76,269.76,339.02,339.02
2022-01-28,16,Invierno,282.45,282.45,282.45,282.45,282.45
2022-01-28,17,Invierno,297.24,297.24,297.24,297.24,297.24
2022-01-28,18,Invierno,325.16,325.16,325.16,325.16,325.16
2022-01-28,19,Invierno,409.49,409.49,409.49,339.73,339.73
2022-01-28,20,Invierno,417.29,417.29,417.29,417.29,417.29
2022-01-28,21,Invierno,410.92,410.92,410.92,410.92,410.92
2022-01-28,22,Invierno,398.32,398.32,398.32,398.32,398.32
2022-01-28,23,Invierno,317.93,317.93,317.93,387.61,387.61
2022-01-28,24,Invierno,305.71,305.71,305.71,305.71,305.71
2022-01-29,1,Invierno,294.96,294.96,294.96,294.96,294.96
2022-01-29,2,Invierno,284.75,284.75,284.75,284.75,284.75
2022-01-29,3,Invierno,265.76,265.76,265.76,265.76,265.76
2022-01-29,4,Invierno,274.17,274.17,274.17,274.17,274.17
2022-01-29,5,Invierno,271.46,271.46,271.46,271.46,271.46
2022-01-29,6,Invierno,264.71,264.71,264.71,264.71,264.71
2022-01-29,7,Invierno,276.13,276.13,276.13,276.13,276.13
2022-01-29,8,Invierno,293.85,293.85,293.85,293.85,293.85
2022-01-29,9,Invierno,307.42,307.42,307.42,307.42,307.42
2022-01-29,10,Invierno,299.95,299.95,299.95,299.95,299.95
2022-01-29,11,Invierno,296.65,296.65,296.65,296.65,296.65
2022-01-29,12,Invierno,278.02,278.02,278.02,278.02,278.02
2022-01-29,13,Invierno,274.02,274.02,274.02,274.02,274.02
2022-01-29,14,Invierno,267.76,267.76,267.76,267.76,267.76
2022-01-29,15,Invierno,262.15,262.15,262.15,262.15,262.15
2022-01-29,16,Invierno,232.93,232.93,232.93,232.93,232.93
2022-01-29,17,Invierno,236.3,236.3,236.3,236.3,236.3
2022-01-29,18,Invierno,284.66,284.66,284.66,284.66,284.66
2022-01-29,19,Invierno,314.93,314.93,314.93,314.93,314.93
2022-01-29,20,Invierno,334.12,334.12,334.12,334.12,334.12
2022-01-29,21,Invierno,330.18,330.18,330.18,330.18,330.18
2022-01-29,22,Invierno,330.97,330.97,330.97,330.97,330.97
2022-01-29,23,Invierno,320.08,320.08,320.08,320.08,320.08
2022-01-29,24,Invierno,314.67,314.67,314.67,314.67,314.67
2022-01-30,1,Invierno,304.96,304.96,304.96,304.96,304.96
2022-01-30,2,Invierno,291.37,291.37,291.37,291.37,291.37
2022-01-30,3,Invierno,288.54,288.54,288.54,288.54,288.54
2022-01-30,4,Invierno,280.4,280.4,280.4,280.4,280.4
2022-01-30,5,Invierno,280.15,280.15,280.15,280.15,280.15
2022-01-30,6,Invierno,286.32,286.32,286.32,286.32,286.32
2022-01-30,7,Invierno,287.7,287.7,287.7,287.7,287.7
2022-01-30,8,Invierno,295.98,295.98,295.98,295.98,295.98
2022-01-30,9,Invierno,288.32,288.32,288.32,288.32,288.32
2022-01-30,10,Invierno,295.76,295.76,295.76,295.76,295.76
2022-01-30,11,Invierno,285.69,285.69,285.69,285.69,285.69
2022-01-30,12,Invierno,292.21,292.21,292.21,292.21,292.21
2022-01-30,13,Invierno,297.31,297.31,297.31,297.31,297.31
2022-01-30,14,Invierno,281.04,281.04,281.04,281.04,281.04
2022-01-30,15,Invierno,272.24,272.24,272.24,272.24,272.24
2022-01-30,16,Invierno,268.21,268.21,268.21,268.21,268.21
2022-01-30,17,Invierno,284.73,284.73,284.73,284.73,284.73
2022-01-30,18,Invierno,295.62,295.62,295.62,295.62,295.62
2022-01-30,19,Invierno,333.07,333.07,333.07,333.07,333.07
2022-01-30,20,Invierno,335.25,335.25,335.25,335.25,335.25
2022-01-30,21,Invierno,341.68,341.68,341.68,341.68,341.68
2022-01-30,22,Invierno,338.22,338.22,338.22,338.22,338.22
2022-01-30,23,Invierno,327.68,327.68,327.68,327.68,327.68
2022-01-30,24,Invierno,320.61,320.61,320.61,320.61,320.61
2022-01-31,1,Invierno,314.52,314.52,314.52,314.52,314.52
2022-01-31,2,Invierno,294.05,294.05,294.05,294.05,294.05
2022-01-31,3,Invierno,261.56,261.56,261.56,261.56,261.56
2022-01-31,4,Invierno,246.41,246.41,246.41,246.41,246.41
2022-01-31,5,Invierno,231.94,231.94,231.94,231.94,231.94
2022-01-31,6,Invierno,230.97,230.97,230.97,230.97,230.97
2022-01-31,7,Invierno,254.81,254.81,254.81,254.81,254.81
2022-01-31,8,Invierno,302.5,302.5,302.5,302.5,302.5
2022-01-31,9,Invierno,340.36,340.36,340.36,340.36,340.36
2022-01-31,10,Invierno,340.35,340.35,340.35,340.35,340.35
2022-01-31,11,Invierno,403.59,403.59,403.59,334.1,334.1
2022-01-31,12,Invierno,397.55,397.55,397.55,397.55,397.55
2022-01-31,13,Invierno,391.03,391.03,391.03,391.03,391.03
2022-01-31,14,Invierno,372.62,372.62,372.62,372.62,372.62
2022-01-31,15,Invierno,286.58,286.58,286.58,356.12,356.12
2022-01-31,16,Invierno,271.98,271.98,271.98,271.98,271.98
2022-01-31,17,Invierno,275.03,275.03,275.03,275.03,275.03
2022-01-31,18,Invierno,328.62,328.62,328.62,328.62,328.62
2022-01-31,19,Invierno,414.35,414.35,414.35,344.83,344.83
2022-01-31,20,Invierno,421.94,421.94,421.94,421.94,421.94
2022-01-31,21,Invierno,414.12,414.12,414.12,414.12,414.12
2022-01-31,22,Invierno,400.93,400.93,400.93,400.93,400.93
2022-01-31,23,Invierno,307.8,307.8,307.8,377.43,377.43
2022-01-31,24,Invierno,289.9,289.9,289.9,289.9,289.9
2022-02-01,1,Invierno,269.74,269.74,269.74,269.74,269.74
2022-02-01,2,Invierno,254.72,254.72,254.72,254.72,254.72
2022-02-01,3,Invierno,256.64,256.64,256.64,256.64,256.64
2022-02-01,4,Invierno,250.77,250.77,250.77,250.77,250.77
2022-02-01,5,Invierno,231.66,231.66,231.66,231.66,231.66
2022-02-01,6,Invierno,244.66,244.66,244.66,244.66,244.66
2022-02-01,7,Invierno,253.17,253.17,253.17,253.17,253.17
2022-02-01,8,Invierno,288.08,288.08,288.08,288.08,288.08
2022-02-01,9,Invierno,339.61,339.61,339.61,339.61,339.61
2022-02-01,10,Invierno,319.95,319.95,319.95,319.95,319.95
2022-02-01,11,Invierno,346.46,346.46,346.46,276.97,276.97
2022-02-01,12,Invierno,340.41,340.41,340.41,340.41,340.41
2022-02-01,13,Invierno,340.71,340.71,340.71,340.71,340.71
2022-02-01,14,Invierno,338.42,338.42,338.42,338.42,338.42
2022-02-01,15,Invierno,269.8,269.8,269.8,339.08,339.08
2022-02-01,16,Invierno,247.66,247.66,247.66,247.66,247.66
2022-02-01,17,Invierno,273.03,273.03,273.03,273.03,273.03
2022-02-01,18,Invierno,302.83,302.83,302.83,302.83,302.83
2022-02-01,19,Invierno,409.55,409.55,409.55,339.78,339.78
2022-02-01,20,Invierno,414.82,414.82,414.82,414.82,414.82
2022-02-01,21,Invierno,411.14,411.14,411.14,411.14,411.14
2022-02-01,22,Invierno,381.1,381.1,381.1,381.1,381.1
2022-02-01,23,Invierno,285.39,285.39,285.39,354.72,354.72
2022-02-01,24,Invierno,282.16,282.16,282.16,282.16,282.16
2022-02-02,1,Invierno,237.57,237.57,237.57,237.57,237.57
2022-02-02,2,Invierno,233.59,233.59,233.59,233.59,233.59
2022-02-02,3,Invierno,224.99,224.99,224.99,224.99,224.99
2022-02-02,4,Invierno,223.39,223.39,223.39,223.39,223.39
2022-02-02,5,Invierno,225.26,225.26,225.26,225.26,225.26
2022-02-02,6,Invierno,233.37,233.37,233.37,233.37,233.37
2022-02-02,7,Invierno,236.94,236.94,236.94,236.94,236.94
2022-02-02,8,Invierno,278.96,278.96,278.96,278.96,278.96
2022-02-02,9,Invierno,306.6,306.6,306.6,306.6,306.6
2022-02-02,10,Invierno,308.96,308.96,308.96,308.96,308.96
2022-02-02,11,Invierno,355.55,355.55,355.55,286.22,286.22
2022-02-02,12,Invierno,339.26,339.26,339.26,339.26,339.26
2022-02-02,13,Invierno,342.93,342.93,342.93,342.93,342.93
2022-02-02,14,Invierno,340.59,340.59,340.59,340.59,340.59
2022-02-02,15,Invierno,269.23,269.23,269.23,338.49,338.49
2022-02-02,16,Invierno,269.04,269.04,269.04,269.04,269.04
2022-02-02,17,Invierno,281.29,281.29,281.29,281.29,281.29
2022-02-02,18,Invierno,325.66,325.66,325.66,325.66,325.66
2022-02-02,19,Invierno,433.02,433.02,433.02,363.14,363.14
2022-02-02,20,Invierno,431.42,431.42,431.42,431.42,431.42
2022-02-02,21,Invierno,432.37,432.37,432.37,432.37,432.37
2022-02-02,22,Invierno,430.71,430.71,430.71,430.71,430.71
2022-02-02,23,Invierno,323.06,323.06,323.06,392.52,392.52
2022-02-02,24,Invierno,295.08,295.08,295.08,295.08,295.08
2022-02-03,1,Invierno,275.22,275.22,275.22,275.22,275.22
2022-02-03,2,Invierno,246.21,246.21,246.21,246.21,246.21
2022-02-03,3,Invierno,239.8,239.8,239.8,239.8,239.8
2022-02-03,4,Invierno,235.38,235.38,235.38,235.38,235.38
2022-02-03,5,Invierno,228.85,228.85,228.85,228.85,228.85
2022-02-03,6,Invierno,237.41,237.41,237.41,237.41,237.41
2022-02-03,7,Invierno,248.14,248.14,248.14,248.14,248.14
2022-02-03,8,Invierno,290.88,290.88,290.88,290.88,290.88
2022-02-03,9,Invierno,331.22,331.22,331.22,331.22,331.22
2022-02-03,10,Invierno,314.08,314.08,314.08,314.08,314.08
2022-02-03,11,Invierno,360.63,360.63,360.63,291.06,291.06
2022-02-03,12,Invierno,355.73,355.73,355.73,355.73,355.73
2022-02-03,13,Invierno,344.74,344.74,344.74,344.74,344.74
2022-02-03,14,Invierno,335.92,335.92,335.92,335.92,335.92
2022-02-03,15,Invierno,262.86,262.86,262.86,332.11,332.11
2022-02-03,16,Invierno,264.08,264.08,264.08,264.08,264.08
2022-02-03,17,Invierno,278.17,278.17,278.17,278.17,278.17
2022-02-03,18,Invierno,308.6,308.6,308.6,308.6,308.6
2022-02-03,19,Invierno,397.47,397.47,397.47,327.75,327.75
2022-02-03,20,Invierno,403.98,403.98,403.98,403.98,403.98
2022-02-03,21,Invierno,395.71,395.71,395.71,395.71,395.71
2022-02-03,22,Invierno,378.44,378.44,378.44,378.44,378.44
2022-02-03,23,Invierno,281.09,281.09,281.09,350.62,350.62
2022-02-03,24,Invierno,271.05,271.05,271.05,271.05,271.05
2022-02-04,1,Invierno,252.39,252.39,252.39,252.39,252.39
2022-02-04,2,Invierno,236.59,236.59,236.59,236.59,236.59
2022-02-04,3,Invierno,236.56,236.56,236.56,236.56,236.56
2022-02-04,4,Invierno,222.44,222.44,222.44,222.44,222.44
2022-02-04,5,Invierno,221.69,221.69,221.69,221.69,221.69
2022-02-04,6,Invierno,221.06,221.06,221.06,221.06,221.06
2022-02-04,7,Invierno,233.21,233.21,233.21,233.21,233.21
2022-02-04,8,Invierno,274.65,274.65,274.65,274.65,274.65
2022-02-04,9,Invierno,311.13,311.13,311.13,311.13,311.13
2022-02-04,10,Invierno,311.29,311.29,311.29,311.29,311.29
2022-02-04,11,Invierno,370.72,370.72,370.72,301.34,301.34
2022-02-04,12,Invierno,345.72,345.72,345.72,345.72,345.72
2022-02-04,13,Invierno,334.52,334.52,334.52,334.52,334.52
2022-02-04,14,Invierno,321.53,321.53,321.53,321.53,321.53
2022-02-04,15,Invierno,251.47,251.47,251.47,320.69,320.69
2022-02-04,16,Invierno,245.8,245.8,245.8,245.8,245.8
2022-02-04,17,Invierno,253.33,253.33,253.33,253.33,253.33
2022-02-04,18,Invierno,274.52,274.52,274.52,274.52,274.52
2022-02-04,19,Invierno,375.29,375.29,375.29,305.66,305.66
2022-02-04,20,Invierno,391.26,391.26,391.26,391.26,391.26
2022-02-04,21,Invierno,383.67,383.67,383.67,383.67,383.67
2022-02-04,22,Invierno,379.1,379.1,379.1,379.1,379.1
2022-02-04,23,Invierno,282.66,282.66,282.66,351.97,351.97
2022-02-04,24,Invierno,263.27,263.27,263.27,263.27,263.27
2022-02-05,1,Invierno,279.06,279.06,279.06,279.06,279.06
2022-02-05,2,Invierno,280.65,280.65,280.65,280.65,280.65
2022-02-05,3,Invierno,253.17,253.17,253.17,253.17,253.17
2022-02-05,4,Invierno,253.94,253.94,253.94,253.94,253.94
2022-02-05,5,Invierno,245.55,245.55,245.55,245.55,245.55
2022-02-05,6,Invierno,244.77,244.77,244.77,244.77,244.77
2022-02-05,7,Invierno,253.29,253.29,253.29,253.29,253.29
2022-02-05,8,Invierno,252.73,252.73,252.73,252.73,252.73
2022-02-05,9,Invierno,276.08,276.08,276.08,276.08,276.08
2022-02-05,10,Invierno,265.52,265.52,265.52,265.52,265.52
2022-02-05,11,Invierno,270.49,270.49,270.49,270.49,270.49
2022-02-05,12,Invierno,239.24,239.24,239.24,239.24,239.24
2022-02-05,13,Invierno,240.49,240.49,240.49,240.49,240.49
2022-02-05,14,Invierno,238.55,238.55,238.55,238.55,238.55
2022-02-05,15,Invierno,222.22,222.22,222.22,222.22,222.22
2022-02-05,16,Invierno,219.18,219.18,219.18,219.18,219.18
2022-02-05,17,Invierno,226.27,226.27,226.27,226.27,226.27
2022-02-05,18,Invierno,231.9,231.9,231.9,231.9,231.9
2022-02-05,19,Invierno,285.78,285.78,285.78,285.78,285.78
2022-02-05,20,Invierno,288.49,288.49,288.49,288.49,288.49
2022-02-05,21,Invierno,285.67,285.67,285.67,285.67,285.67
2022-02-05,22,Invierno,283.06,283.06,283.06,283.06,283.06
2022-02-05,23,Invierno,266.83,266.83,266.83,266.83,266.83
2022-02-05,24,Invierno,245.15,245.15,245.15,245.15,245.15
2022-02-06,1,Invierno,247.73,247.73,247.73,247.73,247.73
2022-02-06,2,Invierno,239.1,239.1,239.1,239.1,239.1
2022-02-06,3,Invierno,239.46,239.46,239.46,239.46,239.46
2022-02-06,4,Invierno,240.15,240.15,240.15,240.15,240.15
2022-02-06,5,Invierno,238.36,238.36,238.36,238.36,238.36
2022-02-06,6,Invierno,244.13,244.13,244.13,244.13,244.13
2022-02-06,7,Invierno,243.88,243.88,243.88,243.88,243.88
2022-02-06,8,Invierno,241.68,241.68,241.68,241.68,241.68
2022-02-06,9,Invierno,238.32,238.32,238.32,238.32,238.32
2022-02-06,10,Invierno,231.55,231.55,231.55,231.55,231.55
2022-02-06,11,Invierno,227.88,227.88,227.88,227.88,227.88
2022-02-06,12,Invierno,227.63,227.63,227.63,227.63,227.63
2022-02-06,13,Invierno,231.44,231.44,231.44,231.44,231.44
2022-02-06,14,Invierno,229.72,229.72,229.72,229.72,229.72
2022-02-06,15,Invierno,229.97,229.97,229.97,229.97,229.97
2022-02-06,16,Invierno,224.74,224.74,224.74,224.74,224.74
2022-02-06,17,Invierno,228.95,228.95,228.95,228.95,228.95
2022-02-06,18,Invierno,237.55,237.55,237.55,237.55,237.55
2022-02-06,19,Invierno,290.82,290.82,290.82,290.82,290.82
2022-02-06,20,Invierno,305.14,305.14,305.14,305.14,305.14
2022-02-06,21,Invierno,311.57,311.57,311.57,311.57,311.57
2022-02-06,22,Invierno,297.52,297.52,297.52,297.52,297.52
2022-02-06,23,Invierno,286.36,286.36,286.36,286.36,286.36
2022-02-06,24,Invierno,246.0,246.0,246.0,246.0,246.0
2022-02-07,1,Invierno,246.43,246.43,246.43,246.43,246.43
2022-02-07,2,Invierno,237.53,237.53,237.53,237.53,237.53
2022-02-07,3,Invierno,236.08,236.08,236.08,236.08,236.08
2022-02-07,4,Invierno,236.28,236.28,236.28,236.28,236.28
2022-02-07,5,Invierno,225.29,225.29,225.29,225.29,225.29
2022-02-07,6,Invierno,239.67,239.67,239.67,239.67,239.67
2022-02-07,7,Invierno,266.17,266.17,266.17,266.17,266.17
2022-02-07,8,Invierno,300.52,300.52,300.52,300.52,300.52
2022-02-07,9,Invierno,341.76,341.76,341.76,341.76,341.76
2022-02-07,10,Invierno,334.52,334.52,334.52,334.52,334.52
2022-02-07,11,Invierno,386.32,386.32,386.32,316.89,316.89
2022-02-07,12,Invierno,363.56,363.56,363.56,363.56,363.56
2022-02-07,13,Invierno,350.1,350.1,350.1,350.1,350.1
2022-02-07,14,Invierno,347.58,347.58,347.58,347.58,347.58
2022-02-07,15,Invierno,266.17,266.17,266.17,335.62,335.62
2022-02-07,16,Invierno,262.59,262.59,262.59,262.59,262.59
2022-02-07,17,Invierno,268.89,268.89,268.89,268.89,268.89
2022-02-07,18,Invierno,288.47,288.47,288.47,288.47,288.47
2022-02-07,19,Invierno,396.16,396.16,396.16,326.45,326.45
2022-02-07,20,Invierno,398.94,398.94,398.94,398.94,398.94
2022-02-07,21,Invierno,393.72,393.72,393.72,393.72,393.72
2022-02-07,22,Invierno,384.24,384.24,384.24,384.24,384.24
2022-02-07,23,Invierno,277.52,277.52,277.52,346.8,346.8
2022-02-07,24,Invierno,267.46,267.46,267.46,267.46,267.46
2022-02-08,1,Invierno,237.25,237.25,237.25,237.25,237.25
2022-02-08,2,Invierno,235.55,235.55,235.55,235.55,235.55
2022-02-08,3,Invierno,231.53,231.53,231.53,231.53,231.53
2022-02-08,4,Invierno,227.97,227.97,227.97,227.97,227.97
2022-02-08,5,Invierno,238.58,238.58,238.58,238.58,238.58
2022-02-08,6,Invierno,242.66,242.66,242.66,242.66,242.66
2022-02-08,7,Invierno,247.81,247.81,247.81,247.81,247.81
2022-02-08,8,Invierno,302.38,302.38,302.38,302.38,302.38
2022-02-08,9,Invierno,339.19,339.19,339.19,339.19,339.19
2022-02-08,10,Invierno,319.69,319.69,319.69,319.69,319.69
2022-02-08,11,Invierno,362.25,362.25,362.25,292.69,292.69
2022-02-08,12,Invierno,336.31,336.31,336.31,336.31,336.31
2022-02-08,13,Invierno,332.08,332.08,332.08,332.08,332.08
2022-02-08,14,Invierno,327.32,327.32,327.32,327.32,327.32
2022-02-08,15,Invierno,253.6,253.6,253.6,322.81,322.81
2022-02-08,16,Invierno,253.55,253.55,253.55,253.55,253.55
2022-02-08,17,Invierno,261.75,261.75,261.75,261.75,261.75
2022-02-08,18,Invierno,295.08,295.08,295.08,295.08,295.08
2022-02-08,19,Invierno,402.58,402.58,402.58,332.85,332.85
2022-02-08,20,Invierno,410.04,410.04,410.04,410.04,410.04
2022-02-08,21,Invierno,396.55,396.55,396.55,396.55,396.55
2022-02-08,22,Invierno,390.91,390.91,390.91,390.91,390.91
2022-02-08,23,Invierno,290.46,290.46,290.46,359.81,359.81
2022-02-08,24,Invierno,278.07,278.07,278.07,278.07,278.07
2022-02-09,1,Invierno,250.08,250.08,250.08,250.08,250.08
2022-02-09,2,Invierno,244.12,244.12,244.12,244.12,244.12
2022-02-09,3,Invierno,244.04,244.04,244.04,244.04,244.04
2022-02-09,4,Invierno,242.98,242.98,242.98,242.98,242.98
2022-02-09,5,Invierno,241.74,241.74,241.74,241.74,241.74
2022-02-09,6,Invierno,240.89,240.89,240.89,240.89,240.89
2022-02-09,7,Invierno,258.55,258.55,258.55,258.55,258.55
2022-02-09,8,Invierno,298.31,298.31,298.31,298.31,298.31
2022-02-09,9,Invierno,336.24,336.24,336.24,336.24,336.24
2022-02-09,10,Invierno,321.15,321.15,321.15,321.15,321.15
2022-02-09,11,Invierno,371.42,371.42,371.42,302.04,302.04
2022-02-09,12,Invierno,350.73,350.73,350.73,350.73,350.73
2022-02-09,13,Invierno,338.93,338.93,338.93,338.93,338.93
2022-02-09,14,Invierno,332.79,332.79,332.79,332.79,332.79
2022-02-09,15,Invierno,257.4,257.4,257.4,326.64,326.64
2022-02-09,16,Invierno,263.68,263.68,263.68,263.68,263.68
2022-02-09,17,Invierno,267.25,267.25,267.25,267.25,267.25
2022-02-09,18,Invierno,302.46,302.46,302.46,302.46,302.46
2022-02-09,19,Invierno,410.91,410.91,410.91,341.13,341.13
2022-02-09,20,Invierno,418.43,418.43,418.43,418.43,418.43
2022-02-09,21,Invierno,401.96,401.96,401.96,401.96,401.96
2022-02-09,22,Invierno,397.77,397.77,397.77,397.77,397.77
2022-02-09,23,Invierno,311.3,311.3,311.3,380.72,380.72
2022-02-09,24,Invierno,286.1,286.1,286.1,286.1,286.1
2022-02-10,1,Invierno,263.86,263.86,263.86,263.86,263.86
2022-02-10,2,Invierno,250.56,250.56,250.56,250.56,250.56
2022-02-10,3,Invierno,243.75,243.75,243.75,243.75,243.75
2022-02-10,4,Invierno,228.72,228.72,228.72,228.72,228.72
2022-02-10,5,Invierno,231.67,231.67,231.67,231.67,231.67
2022-02-10,6,Invierno,229.75,229.75,229.75,229.75,229.75
2022-02-10,7,Invierno,260.53,260.53,260.53,260.53,260.53
2022-02-10,8,Invierno,291.29,291.29,291.29,291.29,291.29
2022-02-10,9,Invierno,324.41,324.41,324.41,324.41,324.41
2022-02-10,10,Invierno,312.14,312.14,312.14,312.14,312.14
2022-02-10,11,Invierno,364.0,364.0,364.0,294.43,294.43
2022-02-10,12,Invierno,352.57,352.57,352.57,352.57,352.57
2022-02-10,13,Invierno,337.94,337.94,337.94,337.94,337.94
2022-02-10,14,Invierno,321.33,321.33,321.33,321.33,321.33
2022-02-10,15,Invierno,248.37,248.37,248.37,317.57,317.57
2022-02-10,16,Invierno,257.98,257.98,257.98,257.98,257.98
2022-02-10,17,Invierno,273.67,273.67,273.67,273.67,273.67
2022-02-10,18,Invierno,297.72,297.72,297.72,297.72,297.72
2022-02-10,19,Invierno,397.6,397.6,397.6,327.89,327.89
2022-02-10,20,Invierno,406.75,406.75,406.75,406.75,406.75
2022-02-10,21,Invierno,389.65,389.65,389.65,389.65,389.65
2022-02-10,22,Invierno,379.85,379.85,379.85,379.85,379.85
2022-02-10,23,Invierno,287.02,287.02,287.02,356.57,356.57
2022-02-10,24,Invierno,272.44,272.44,272.44,272.44,272.44
2022-02-11,1,Invierno,254.29,254.29,254.29,254.29,254.29
2022-02-11,2,Invierno,233.71,233.71,233.71,233.71,233.71
2022-02-11,3,Invierno,232.08,232.08,232.08,232.08,232.08
2022-02-11,4,Invierno,222.96,222.96,222.96,222.96,222.96
2022-02-11,5,Invierno,219.9,219.9,219.9,219.9,219.9
2022-02-11,6,Invierno,225.94,225.94,225.94,225.94,225.94
2022-02-11,7,Invierno,253.47,253.47,253.47,253.47,253.47
2022-02-11,8,Invierno,277.2,277.2,277.2,277.2,277.2
2022-02-11,9,Invierno,313.26,313.26,313.26,313.26,313.26
2022-02-11,10,Invierno,306.52,306.52,306.52,306.52,306.52
2022-02-11,11,Invierno,355.17,355.17,355.17,285.84,285.84
2022-02-11,12,Invierno,335.58,335.58,335.58,335.58,335.58
2022-02-11,13,Invierno,316.74,316.74,316.74,316.74,316.74
2022-02-11,14,Invierno,315.78,315.78,315.78,315.78,315.78
2022-02-11,15,Invierno,245.76,245.76,245.76,314.95,314.95
2022-02-11,16,Invierno,244.03,244.03,244.03,244.03,244.03
2022-02-11,17,Invierno,250.94,250.94,250.94,250.94,250.94
2022-02-11,18,Invierno,287.92,287.92,287.92,287.92,287.92
2022-02-11,19,Invierno,384.75,384.75,384.75,315.08,315.08
2022-02-11,20,Invierno,400.75,400.75,400.75,400.75,400.75
2022-02-11,21,Invierno,375.36,375.36,375.36,375.36,375.36
2022-02-11,22,Invierno,368.8,368.8,368.8,368.8,368.8
2022-02-11,23,Invierno,282.8,282.8,282.8,352.1,352.1
2022-02-11,24,Invierno,274.21,274.21,274.21,274.21,274.21
2022-02-12,1,Invierno,271.25,271.25,271.25,271.25,271.25
2022-02-12,2,Invierno,273.68,273.68,273.68,273.68,273.68
2022-02-12,3,Invierno,270.4,270.4,270.4,270.4,270.4
2022-02-12,4,Invierno,268.52,268.52,268.52,268.52,268.52
2022-02-12,5,Invierno,265.0,265.0,265.0,265.0,265.0
2022-02-12,6,Invierno,256.13,256.13,256.13,256.13,256.13
2022-02-12,7,Invierno,260.54,260.54,260.54,260.54,260.54
2022-02-12,8,Invierno,268.55,268.55,268.55,268.55,268.55
2022-02-12,9,Invierno,270.24,270.24,270.24,270.24,270.24
2022-02-12,10,Invierno,265.81,265.81,265.81,265.81,265.81
2022-02-12,11,Invierno,253.58,253.58,253.58,253.58,253.58
2022-02-12,12,Invierno,231.34,231.34,231.34,231.34,231.34
2022-02-12,13,Invierno,226.59,226.59,226.59,226.59,226.59
2022-02-12,14,Invierno,215.33,215.33,215.33,215.33,215.33
2022-02-12,15,Invierno,212.51,212.51,212.51,212.51,212.51
2022-02-12,16,Invierno,212.3,212.3,212.3,212.3,212.3
2022-02-12,17,Invierno,220.32,220.32,220.32,220.32,220.32
2022-02-12,18,Invierno,249.78,249.78,249.78,249.78,249.78
2022-02-12,19,Invierno,271.88,271.88,271.88,271.88,271.88
2022-02-12,20,Invierno,292.88,292.88,292.88,292.88,292.88
2022-02-12,21,Invierno,277.82,277.82,277.82,277.82,277.82
2022-02-12,22,Invierno,271.58,271.58,271.58,271.58,271.58
2022-02-12,23,Invierno,258.45,258.45,258.45,258.45,258.45
2022-02-12,24,Invierno,245.86,245.86,245.86,245.86,245.86
2022-02-13,1,Invierno,278.29,278.29,278.29,278.29,278.29
2022-02-13,2,Invierno,277.95,277.95,277.95,277.95,277.95
2022-02-13,3,Invierno,277.14,277.14,277.14,277.14,277.14
2022-02-13,4,Invierno,251.82,251.82,251.82,251.82,251.82
2022-02-13,5,Invierno,232.38,232.38,232.38,232.38,232.38
2022-02-13,6,Invierno,232.53,232.53,232.53,232.53,232.53
2022-02-13,7,Invierno,232.54,232.54,232.54,232.54,232.54
2022-02-13,8,Invierno,253.19,253.19,253.19,253.19,253.19
2022-02-13,9,Invierno,226.71,226.71,226.71,226.71,226.71
2022-02-13,10,Invierno,220.49,220.49,220.49,220.49,220.49
2022-02-13,11,Invierno,209.46,209.46,209.46,209.46,209.46
2022-02-13,12,Invierno,192.63,192.63,192.63,192.63,192.63
2022-02-13,13,Invierno,193.33,193.33,193.33,193.33,193.33
2022-02-13,14,Invierno,157.17,157.17,157.17,157.17,157.17
2022-02-13,15,Invierno,99.29,99.29,99.29,99.29,99.29
2022-02-13,16,Invierno,126.88,126.88,126.88,126.88,126.88
2022-02-13,17,Invierno,146.37,146.37,146.37,146.37,146.37
2022-02-13,18,Invierno,170.7,170.7,170.7,170.7,170.7
2022-02-13,19,Invierno,218.17,218.17,218.17,218.17,218.17
2022-02-13,20,Invierno,235.1,235.1,235.1,235.1,235.1
2022-02-13,21,Invierno,259.88,259.88,259.88,259.88,259.88
2022-02-13,22,Invierno,259.75,259.75,259.75,259.75,259.75
2022-02-13,23,Invierno,219.7,219.7,219.7,219.7,219.7
2022-02-13,24,Invierno,219.6,219.6,219.6,219.6,219.6
2022-02-14,1,Invierno,207.71,207.71,207.71,207.71,207.71
2022-02-14,2,Invierno,207.02,207.02,207.02,207.02,207.02
2022-02-14,3,Invierno,200.28,200.28,200.28,200.28,200.28
2022-02-14,4,Invierno,160.62,160.62,160.62,160.62,160.62
2022-02-14,5,Invierno,157.67,157.67,157.67,157.67,157.67
2022-02-14,6,Invierno,207.59,207.59,207.59,207.59,207.59
2022-02-14,7,Invierno,227.45,227.45,227.45,227.45,227.45
2022-02-14,8,Invierno,275.68,275.68,275.68,275.68,275.68
2022-02-14,9,Invierno,307.04,307.04,307.04,307.04,307.04
2022-02-14,10,Invierno,312.08,312.08,312.08,312.08,312.08
2022-02-14,11,Invierno,368.88,368.88,368.88,299.52,299.52
2022-02-14,12,Invierno,348.0,348.0,348.0,348.0,348.0
2022-02-14,13,Invierno,314.16,314.16,314.16,314.16,314.16
2022-02-14,14,Invierno,305.37,305.37,305.37,305.37,305.37
2022-02-14,15,Invierno,231.99,231.99,231.99,301.3,301.3
2022-02-14,16,Invierno,228.46,228.46,228.46,228.46,228.46
2022-02-14,17,Invierno,238.75,238.75,238.75,238.75,238.75
2022-02-14,18,Invierno,275.46,275.46,275.46,275.46,275.46
2022-02-14,19,Invierno,379.79,379.79,379.79,310.15,310.15
2022-02-14,20,Invierno,409.2,409.2,409.2,409.2,409.2
2022-02-14,21,Invierno,383.81,383.81,383.81,383.81,383.81
2022-02-14,22,Invierno,376.6,376.6,376.6,376.6,376.6
2022-02-14,23,Invierno,289.32,289.32,289.32,358.66,358.66
2022-02-14,24,Invierno,272.85,272.85,272.85,272.85,272.85
2022-02-15,1,Invierno,256.72,256.72,256.72,256.72,256.72
2022-02-15,2,Invierno,249.54,249.54,249.54,249.54,249.54
2022-02-15,3,Invierno,241.13,241.13,241.13,241.13,241.13
2022-02-15,4,Invierno,234.95,234.95,234.95,234.95,234.95
2022-02-15,5,Invierno,225.46,225.46,225.46,225.46,225.46
2022-02-15,6,Invierno,230.16,230.16,230.16,230.16,230.16
2022-02-15,7,Invierno,265.73,265.73,265.73,265.73,265.73
2022-02-15,8,Invierno,295.42,295.42,295.42,295.42,295.42
2022-02-15,9,Invierno,340.23,340.23,340.23,340.23,340.23
2022-02-15,10,Invierno,327.38,327.38,327.38,327.38,327.38
2022-02-15,11,Invierno,373.15,373.15,373.15,303.55,303.55
2022-02-15,12,Invierno,351.59,351.59,351.59,351.59,351.59
2022-02-15,13,Invierno,329.76,329.76,329.76,329.76,329.76
2022-02-15,14,Invierno,304.53,304.53,304.53,304.53,304.53
2022-02-15,15,Invierno,234.49,234.49,234.49,303.64,303.64
2022-02-15,16,Invierno,235.1,235.1,235.1,235.1,235.1
2022-02-15,17,Invierno,240.1,240.1,240.1,240.1,240.1
2022-02-15,18,Invierno,268.48,268.48,268.48,268.48,268.48
2022-02-15,19,Invierno,383.46,383.46,383.46,313.79,313.79
2022-02-15,20,Invierno,396.38,396.38,396.38,396.38,396.38
2022-02-15,21,Invierno,406.29,406.29,406.29,406.29,406.29
2022-02-15,22,Invierno,394.79,394.79,394.79,394.79,394.79
2022-02-15,23,Invierno,305.84,305.84,305.84,375.24,375.24
2022-02-15,24,Invierno,248.64,248.64,248.64,248.64,248.64
2022-02-16,1,Invierno,222.53,222.53,222.53,222.53,222.53
2022-02-16,2,Invierno,215.83,215.83,215.83,215.83,215.83
2022-02-16,3,Invierno,213.41,213.41,213.41,213.41,213.41
2022-02-16,4,Invierno,205.81,205.81,205.81,205.81,205.81
2022-02-16,5,Invierno,203.19,203.19,203.19,203.19,203.19
2022-02-16,6,Invierno,206.46,206.46,206.46,206.46,206.46
2022-02-16,7,Invierno,216.02,216.02,216.02,216.02,216.02
2022-02-16,8,Invierno,269.29,269.29,269.29,269.29,269.29
2022-02-16,9,Invierno,301.05,301.05,301.05,301.05,301.05
2022-02-16,10,Invierno,296.66,296.66,296.66,296.66,296.66
2022-02-16,11,Invierno,317.73,317.73,317.73,248.54,248.54
2022-02-16,12,Invierno,303.91,303.91,303.91,303.91,303.91
2022-02-16,13,Invierno,308.11,308.11,308.11,308.11,308.11
2022-02-16,14,Invierno,296.27,296.27,296.27,296.27,296.27
2022-02-16,15,Invierno,212.46,212.46,212.46,281.55,281.55
2022-02-16,16,Invierno,207.08,207.08,207.08,207.08,207.08
2022-02-16,17,Invierno,206.99,206.99,206.99,206.99,206.99
2022-02-16,18,Invierno,235.95,235.95,235.95,235.95,235.95
2022-02-16,19,Invierno,365.49,365.49,365.49,295.91,295.91
2022-02-16,20,Invierno,379.85,379.85,379.85,379.85,379.85
2022-02-16,21,Invierno,392.08,392.08,392.08,392.08,392.08
2022-02-16,22,Invierno,380.25,380.25,380.25,380.25,380.25
2022-02-16,23,Invierno,288.25,288.25,288.25,357.58,357.58
2022-02-16,24,Invierno,247.15,247.15,247.15,247.15,247.15
2022-02-17,1,Invierno,176.51,176.51,176.51,176.51,176.51
2022-02-17,2,Invierno,175.76,175.76,175.76,175.76,175.76
2022-02-17,3,Invierno,149.06,149.06,149.06,149.06,149.06
2022-02-17,4,Invierno,143.6,143.6,143.6,143.6,143.6
2022-02-17,5,Invierno,143.6,143.6,143.6,143.6,143.6
2022-02-17,6,Invierno,157.43,157.43,157.43,157.43,157.43
2022-02-17,7,Invierno,186.51,186.51,186.51,186.51,186.51
2022-02-17,8,Invierno,216.48,216.48,216.48,216.48,216.48
2022-02-17,9,Invierno,272.64,272.64,272.64,272.64,272.64
2022-02-17,10,Invierno,267.61,267.61,267.61,267.61,267.61
2022-02-17,11,Invierno,309.21,309.21,309.21,239.86,239.86
2022-02-17,12,Invierno,291.48,291.48,291.48,291.48,291.48
2022-02-17,13,Invierno,280.92,280.92,280.92,280.92,280.92
2022-02-17,14,Invierno,266.31,266.31,266.31,266.31,266.31
2022-02-17,15,Invierno,202.78,202.78,202.78,271.84,271.84
2022-02-17,16,Invierno,195.34,195.34,195.34,195.34,195.34
2022-02-17,17,Invierno,225.98,225.98,225.98,225.98,225.98
2022-02-17,18,Invierno,232.68,232.68,232.68,232.68,232.68
2022-02-17,19,Invierno,363.96,363.96,363.96,294.39,294.39
2022-02-17,20,Invierno,395.89,395.89,395.89,395.89,395.89
2022-02-17,21,Invierno,429.83,429.83,429.83,429.83,429.83
2022-02-17,22,Invierno,393.46,393.46,393.46,393.46,393.46
2022-02-17,23,Invierno,287.55,287.55,287.55,357.11,357.11
2022-02-17,24,Invierno,274.27,274.27,274.27,274.27,274.27
2022-02-18,1,Invierno,262.68,262.68,262.68,262.68,262.68
2022-02-18,2,Invierno,258.78,258.78,258.78,258.78,258.78
2022-02-18,3,Invierno,250.0,250.0,250.0,250.0,250.0
2022-02-18,4,Invierno,238.29,238.29,238.29,238.29,238.29
2022-02-18,5,Invierno,230.58,230.58,230.58,230.58,230.58
2022-02-18,6,Invierno,229.51,229.51,229.51,229.51,229.51
2022-02-18,7,Invierno,255.89,255.89,255.89,255.89,255.89
2022-02-18,8,Invierno,264.95,264.95,264.95,264.95,264.95
2022-02-18,9,Invierno,295.14,295.14,295.14,295.14,295.14
2022-02-18,10,Invierno,289.24,289.24,289.24,289.24,289.24
2022-02-18,11,Invierno,351.95,351.95,351.95,282.65,282.65
2022-02-18,12,Invierno,345.19,345.19,345.19,345.19,345.19
2022-02-18,13,Invierno,332.56,332.56,332.56,332.56,332.56
2022-02-18,14,Invierno,323.72,323.72,323.72,323.72,323.72
2022-02-18,15,Invierno,230.17,230.17,230.17,299.32,299.32
2022-02-18,16,Invierno,224.11,224.11,224.11,224.11,224.11
2022-02-18,17,Invierno,226.2,226.2,226.2,226.2,226.2
2022-02-18,18,Invierno,230.39,230.39,230.39,230.39,230.39
2022-02-18,19,Invierno,341.71,341.71,341.71,272.22,272.22
2022-02-18,20,Invierno,352.09,352.09,352.09,352.09,352.09
2022-02-18,21,Invierno,341.37,341.37,341.37,341.37,341.37
2022-02-18,22,Invierno,324.77,324.77,324.77,324.77,324.77
2022-02-18,23,Invierno,224.84,224.84,224.84,293.97,293.97
2022-02-18,24,Invierno,217.31,217.31,217.31,217.31,217.31
2022-02-19,1,Invierno,177.03,177.03,177.03,177.03,177.03
2022-02-19,2,Invierno,160.42,160.42,160.42,160.42,160.42
2022-02-19,3,Invierno,146.89,146.89,146.89,146.89,146.89
2022-02-19,4,Invierno,123.65,123.65,123.65,123.65,123.65
2022-02-19,5,Invierno,130.7,130.7,130.7,130.7,130.7
2022-02-19,6,Invierno,147.22,147.22,147.22,147.22,147.22
2022-02-19,7,Invierno,163.47,163.47,163.47,163.47,163.47
2022-02-19,8,Invierno,187.85,187.85,187.85,187.85,187.85
2022-02-19,9,Invierno,187.93,187.93,187.93,187.93,187.93
2022-02-19,10,Invierno,217.69,217.69,217.69,217.69,217.69
2022-02-19,11,Invierno,181.47,181.47,181.47,181.47,181.47
2022-02-19,12,Invierno,171.88,171.88,171.88,171.88,171.88
2022-02-19,13,Invierno,160.52,160.52,160.52,160.52,160.52
2022-02-19,14,Invierno,160.04,160.04,160.04,160.04,160.04
2022-02-19,15,Invierno,160.79,160.79,160.79,160.79,160.79
2022-02-19,16,Invierno,149.21,149.21,149.21,149.21,149.21
2022-02-19,17,Invierno,151.63,151.63,151.63,151.63,151.63
2022-02-19,18,Invierno,174.57,174.57,174.57,174.57,174.57
2022-02-19,19,Invierno,220.33,220.33,220.33,220.33,220.33
2022-02-19,20,Invierno,251.19,251.19,251.19,251.19,251.19
2022-02-19,21,Invierno,258.11,258.11,258.11,258.11,258.11
2022-02-19,22,Invierno,258.75,258.75,258.75,258.75,258.75
2022-02-19,23,Invierno,253.06,253.06,253.06,253.06,253.06
2022-02-19,24,Invierno,245.13,245.13,245.13,245.13,245.13
2022-02-20,1,Invierno,254.69,254.69,254.69,254.69,254.69
2022-02-20,2,Invierno,235.04,235.04,235.04,235.04,235.04
2022-02-20,3,Invierno,209.22,209.22,209.22,209.22,209.22
2022-02-20,4,Invierno,200.67,200.67,200.67,200.67,200.67
2022-02-20,5,Invierno,201.97,201.97,201.97,201.97,201.97
2022-02-20,6,Invierno,207.58,207.58,207.58,207.58,207.58
2022-02-20,7,Invierno,222.9,222.9,222.9,222.9,222.9
2022-02-20,8,Invierno,234.01,234.01,234.01,234.01,234.01
2022-02-20,9,Invierno,204.58,204.58,204.58,204.58,204.58
2022-02-20,10,Invierno,190.18,190.18,190.18,190.18,190.18
2022-02-20,11,Invierno,178.11,178.11,178.11,178.11,178.11
2022-02-20,12,Invierno,171.3,171.3,171.3,171.3,171.3
2022-02-20,13,Invierno,170.35,170.35,170.35,170.35,170.35
2022-02-20,14,Invierno,171.3,171.3,171.3,171.3,171.3
2022-02-20,15,Invierno,170.43,170.43,170.43,170.43,170.43
2022-02-20,16,Invierno,167.84,167.84,167.84,167.84,167.84
2022-02-20,17,Invierno,174.68,174.68,174.68,174.68,174.68
2022-02-20,18,Invierno,185.01,185.01,185.01,185.01,185.01
2022-02-20,19,Invierno,258.94,258.94,258.94,258.94,258.94
2022-02-20,20,Invierno,277.43,277.43,277.43,277.43,277.43
2022-02-20,21,Invierno,284.52,284.52,284.52,284.52,284.52
2022-02-20,22,Invierno,281.95,281.95,281.95,281.95,281.95
2022-02-20,23,Invierno,270.47,270.47,270.47,270.47,270.47
2022-02-20,24,Invierno,260.45,260.45,260.45,260.45,260.45
2022-02-21,1,Invierno,260.13,260.13,260.13,260.13,260.13
2022-02-21,2,Invierno,225.72,225.72,225.72,225.72,225.72
2022-02-21,3,Invierno,221.62,221.62,221.62,221.62,221.62
2022-02-21,4,Invierno,208.25,208.25,208.25,208.25,208.25
2022-02-21,5,Invierno,202.29,202.29,202.29,202.29,202.29
2022-02-21,6,Invierno,217.09,217.09,217.09,217.09,217.09
2022-02-21,7,Invierno,263.26,263.26,263.26,263.26,263.26
2022-02-21,8,Invierno,280.67,280.67,280.67,280.67,280.67
2022-02-21,9,Invierno,307.22,307.22,307.22,307.22,307.22
2022-02-21,10,Invierno,300.42,300.42,300.42,300.42,300.42
2022-02-21,11,Invierno,345.72,345.72,345.72,276.43,276.43
2022-02-21,12,Invierno,313.87,313.87,313.87,313.87,313.87
2022-02-21,13,Invierno,304.72,304.72,304.72,304.72,304.72
2022-02-21,14,Invierno,287.73,287.73,287.73,287.73,287.73
2022-02-21,15,Invierno,211.38,211.38,211.38,280.61,280.61
2022-02-21,16,Invierno,194.0,194.0,194.0,194.0,194.0
2022-02-21,17,Invierno,214.57,214.57,214.57,214.57,214.57
2022-02-21,18,Invierno,239.3,239.3,239.3,239.3,239.3
2022-02-21,19,Invierno,375.12,375.12,375.12,305.5,305.5
2022-02-21,20,Invierno,383.27,383.27,383.27,383.27,383.27
2022-02-21,21,Invierno,392.46,392.46,392.46,392.46,392.46
2022-02-21,22,Invierno,381.33,381.33,381.33,381.33,381.33
2022-02-21,23,Invierno,297.7,297.7,297.7,367.06,367.06
2022-02-21,24,Invierno,266.4,266.4,266.4,266.4,266.4
2022-02-22,1,Invierno,229.31,229.31,229.31,229.31,229.31
2022-02-22,2,Invierno,224.69,224.69,224.69,224.69,224.69
2022-02-22,3,Invierno,221.7,221.7,221.7,221.7,221.7
2022-02-22,4,Invierno,220.07,220.07,220.07,220.07,220.07
2022-02-22,5,Invierno,214.17,214.17,214.17,214.17,214.17
2022-02-22,6,Invierno,221.24,221.24,221.24,221.24,221.24
2022-02-22,7,Invierno,249.39,249.39,249.39,249.39,249.39
2022-02-22,8,Invierno,257.81,257.81,257.81,257.81,257.81
2022-02-22,9,Invierno,293.09,293.09,293.09,293.09,293.09
2022-02-22,10,Invierno,279.64,279.64,279.64,279.64,279.64
2022-02-22,11,Invierno,338.31,338.31,338.31,268.85,268.85
2022-02-22,12,Invierno,318.47,318.47,318.47,318.47,318.47
2022-02-22,13,Invierno,315.58,315.58,315.58,315.58,315.58
2022-02-22,14,Invierno,301.64,301.64,301.64,301.64,301.64
2022-02-22,15,Invierno,214.25,214.25,214.25,283.33,283.33
2022-02-22,16,Invierno,209.37,209.37,209.37,209.37,209.37
2022-02-22,17,Invierno,214.54,214.54,214.54,214.54,214.54
2022-02-22,18,Invierno,235.21,235.21,235.21,235.21,235.21
2022-02-22,19,Invierno,358.43,358.43,358.43,288.88,288.88
2022-02-22,20,Invierno,368.09,368.09,368.09,368.09,368.09
2022-02-22,21,Invierno,374.06,374.06,374.06,374.06,374.06
2022-02-22,22,Invierno,362.45,362.45,362.45,362.45,362.45
2022-02-22,23,Invierno,272.45,272.45,272.45,341.73,341.73
2022-02-22,24,Invierno,250.81,250.81,250.81,250.81,250.81
2022-02-23,1,Invierno,231.22,231.22,231.22,231.22,231.22
2022-02-23,2,Invierno,228.11,228.11,228.11,228.11,228.11
2022-02-23,3,Invierno,224.03,224.03,224.03,224.03,224.03
2022-02-23,4,Invierno,220.35,220.35,220.35,220.35,220.35
2022-02-23,5,Invierno,219.71,219.71,219.71,219.71,219.71
2022-02-23,6,Invierno,226.8,226.8,226.8,226.8,226.8
2022-02-23,7,Invierno,260.5,260.5,260.5,260.5,260.5
2022-02-23,8,Invierno,267.43,267.43,267.43,267.43,267.43
2022-02-23,9,Invierno,298.31,298.31,298.31,298.31,298.31
2022-02-23,10,Invierno,295.97,295.97,295.97,295.97,295.97
2022-02-23,11,Invierno,353.32,353.32,353.32,284.0,284.0
2022-02-23,12,Invierno,341.19,341.19,341.19,341.19,341.19
2022-02-23,13,Invierno,328.68,328.68,328.68,328.68,328.68
2022-02-23,14,Invierno,320.77,320.77,320.77,320.77,320.77
2022-02-23,15,Invierno,238.37,238.37,238.37,307.54,307.54
2022-02-23,16,Invierno,242.21,242.21,242.21,242.21,242.21
2022-02-23,17,Invierno,255.75,255.75,255.75,255.75,255.75
2022-02-23,18,Invierno,286.73,286.73,286.73,286.73,286.73
2022-02-23,19,Invierno,388.24,388.24,388.24,318.56,318.56
2022-02-23,20,Invierno,394.02,394.02,394.02,394.02,394.02
2022-02-23,21,Invierno,400.88,400.88,400.88,400.88,400.88
2022-02-23,22,Invierno,376.89,376.89,376.89,376.89,376.89
2022-02-23,23,Invierno,291.52,291.52,291.52,360.87,360.87
2022-02-23,24,Invierno,287.17,287.17,287.17,287.17,287.17
2022-02-24,1,Invierno,269.48,269.48,269.48,269.48,269.48
2022-02-24,2,Invierno,270.55,270.55,270.55,270.55,270.55
2022-02-24,3,Invierno,267.04,267.04,267.04,267.04,267.04
2022-02-24,4,Invierno,264.73,264.73,264.73,264.73,264.73
2022-02-24,5,Invierno,268.69,268.69,268.69,268.69,268.69
2022-02-24,6,Invierno,267.07,267.07,267.07,267.07,267.07
2022-02-24,7,Invierno,270.99,270.99,270.99,270.99,270.99
2022-02-24,8,Invierno,273.78,273.78,273.78,273.78,273.78
2022-02-24,9,Invierno,317.51,317.51,317.51,317.51,317.51
2022-02-24,10,Invierno,300.16,300.16,300.16,300.16,300.16
2022-02-24,11,Invierno,360.96,360.96,360.96,291.38,291.38
2022-02-24,12,Invierno,358.94,358.94,358.94,358.94,358.94
2022-02-24,13,Invierno,358.64,358.64,358.64,358.64,358.64
2022-02-24,14,Invierno,354.61,354.61,354.61,354.61,354.61
2022-02-24,15,Invierno,286.3,286.3,286.3,355.61,355.61
2022-02-24,16,Invierno,270.49,270.49,270.49,270.49,270.49
2022-02-24,17,Invierno,252.56,252.56,252.56,252.56,252.56
2022-02-24,18,Invierno,266.94,266.94,266.94,266.94,266.94
2022-02-24,19,Invierno,355.95,355.95,355.95,286.41,286.41
2022-02-24,20,Invierno,373.22,373.22,373.22,373.22,373.22
2022-02-24,21,Invierno,366.37,366.37,366.37,366.37,366.37
2022-02-24,22,Invierno,360.04,360.04,360.04,360.04,360.04
2022-02-24,23,Invierno,268.94,268.94,268.94,338.41,338.41
2022-02-24,24,Invierno,235.73,235.73,235.73,235.73,235.73
2022-02-25,1,Invierno,300.05,300.05,300.05,300.05,300.05
2022-02-25,2,Invierno,263.34,263.34,263.34,263.34,263.34
2022-02-25,3,Invierno,249.82,249.82,249.82,249.82,249.82
2022-02-25,4,Invierno,226.42,226.42,226.42,226.42,226.42
2022-02-25,5,Invierno,218.47,218.47,218.47,218.47,218.47
2022-02-25,6,Invierno,237.66,237.66,237.66,237.66,237.66
2022-02-25,7,Invierno,274.89,274.89,274.89,274.89,274.89
2022-02-25,8,Invierno,338.5,338.5,338.5,338.5,338.5
2022-02-25,9,Invierno,364.25,364.25,364.25,364.25,364.25
2022-02-25,10,Invierno,363.8,363.8,363.8,363.8,363.8
2022-02-25,11,Invierno,423.72,423.72,423.72,354.16,354.16
2022-02-25,12,Invierno,403.9,403.9,403.9,403.9,403.9
2022-02-25,13,Invierno,412.47,412.47,412.47,412.47,412.47
2022-02-25,14,Invierno,397.72,397.72,397.72,397.72,397.72
2022-02-25,15,Invierno,323.89,323.89,323.89,393.34,393.34
2022-02-25,16,Invierno,318.9,318.9,318.9,318.9,318.9
2022-02-25,17,Invierno,328.79,328.79,328.79,328.79,328.79
2022-02-25,18,Invierno,353.92,353.92,353.92,353.92,353.92
2022-02-25,19,Invierno,448.19,448.19,448.19,378.26,378.26
2022-02-25,20,Invierno,473.26,473.26,473.26,473.26,473.26
2022-02-25,21,Invierno,461.81,461.81,461.81,461.81,461.81
2022-02-25,22,Invierno,445.29,445.29,445.29,445.29,445.29
2022-02-25,23,Invierno,364.12,364.12,364.12,433.72,433.72
2022-02-25,24,Invierno,360.61,360.61,360.61,360.61,360.61
2022-02-26,1,Invierno,363.99,363.99,363.99,363.99,363.99
2022-02-26,2,Invierno,346.09,346.09,346.09,346.09,346.09
2022-02-26,3,Invierno,342.66,342.66,342.66,342.66,342.66
2022-02-26,4,Invierno,328.89,328.89,328.89,328.89,328.89
2022-02-26,5,Invierno,320.37,320.37,320.37,320.37,320.37
2022-02-26,6,Invierno,319.22,319.22,319.22,319.22,319.22
2022-02-26,7,Invierno,329.68,329.68,329.68,329.68,329.68
2022-02-26,8,Invierno,343.14,343.14,343.14,343.14,343.14
2022-02-26,9,Invierno,351.42,351.42,351.42,351.42,351.42
2022-02-26,10,Invierno,336.24,336.24,336.24,336.24,336.24
2022-02-26,11,Invierno,307.7,307.7,307.7,307.7,307.7
2022-02-26,12,Invierno,304.99,304.99,304.99,304.99,304.99
2022-02-26,13,Invierno,302.88,302.88,302.88,302.88,302.88
2022-02-26,14,Invierno,298.75,298.75,298.75,298.75,298.75
2022-02-26,15,Invierno,298.59,298.59,298.59,298.59,298.59
2022-02-26,16,Invierno,300.61,300.61,300.61,300.61,300.61
2022-02-26,17,Invierno,302.93,302.93,302.93,302.93,302.93
2022-02-26,18,Invierno,327.86,327.86,327.86,327.86,327.86
2022-02-26,19,Invierno,378.69,378.69,378.69,378.69,378.69
2022-02-26,20,Invierno,379.03,379.03,379.03,379.03,379.03
2022-02-26,21,Invierno,373.24,373.24,373.24,373.24,373.24
2022-02-26,22,Invierno,376.16,376.16,376.16,376.16,376.16
2022-02-26,23,Invierno,337.11,337.11,337.11,337.11,337.11
2022-02-26,24,Invierno,331.71,331.71,331.71,331.71,331.71
2022-02-27,1,Invierno,330.95,330.95,330.95,330.95,330.95
2022-02-27,2,Invierno,328.27,328.27,328.27,328.27,328.27
2022-02-27,3,Invierno,303.81,303.81,303.81,303.81,303.81
2022-02-27,4,Invierno,301.1,301.1,301.1,301.1,301.1
2022-02-27,5,Invierno,308.63,308.63,308.63,308.63,308.63
2022-02-27,6,Invierno,315.9,315.9,315.9,315.9,315.9
2022-02-27,7,Invierno,336.76,336.76,336.76,336.76,336.76
2022-02-27,8,Invierno,336.93,336.93,336.93,336.93,336.93
2022-02-27,9,Invierno,331.01,331.01,331.01,331.01,331.01
2022-02-27,10,Invierno,327.29,327.29,327.29,327.29,327.29
2022-02-27,11,Invierno,321.28,321.28,321.28,321.28,321.28
2022-02-27,12,Invierno,314.01,314.01,314.01,314.01,314.01
2022-02-27,13,Invierno,301.22,301.22,301.22,301.22,301.22
2022-02-27,14,Invierno,314.44,314.44,314.44,314.44,314.44
2022-02-27,15,Invierno,314.51,314.51,314.51,314.51,314.51
2022-02-27,16,Invierno,271.98,271.98,271.98,271.98,271.98
2022-02-27,17,Invierno,275.04,275.04,275.04,275.04,275.04
2022-02-27,18,Invierno,302.25,302.25,302.25,302.25,302.25
2022-02-27,19,Invierno,354.43,354.43,354.43,354.43,354.43
2022-02-27,20,Invierno,379.61,379.61,379.61,379.61,379.61
2022-02-27,21,Invierno,437.58,437.58,437.58,437.58,437.58
2022-02-27,22,Invierno,437.11,437.11,437.11,437.11,437.11
2022-02-27,23,Invierno,386.41,386.41,386.41,386.41,386.41
2022-02-27,24,Invierno,352.6,352.6,352.6,352.6,352.6
2022-02-28,1,Invierno,374.51,374.51,374.51,374.51,374.51
2022-02-28,2,Invierno,370.2,370.2,370.2,370.2,370.2
2022-02-28,3,Invierno,369.33,369.33,369.33,369.33,369.33
2022-02-28,4,Invierno,370.91,370.91,370.91,370.91,370.91
2022-02-28,5,Invierno,366.08,366.08,366.08,366.08,366.08
2022-02-28,6,Invierno,367.94,367.94,367.94,367.94,367.94
2022-02-28,7,Invierno,365.31,365.31,365.31,365.31,365.31
2022-02-28,8,Invierno,401.68,401.68,401.68,401.68,401.68
2022-02-28,9,Invierno,408.49,408.49,408.49,408.49,408.49
2022-02-28,10,Invierno,380.56,380.56,380.56,380.56,380.56
2022-02-28,11,Invierno,418.97,418.97,418.97,349.43,349.43
2022-02-28,12,Invierno,374.68,374.68,374.68,374.68,374.68
2022-02-28,13,Invierno,379.02,379.02,379.02,379.02,379.02
2022-02-28,14,Invierno,375.95,375.95,375.95,375.95,375.95
2022-02-28,15,Invierno,303.02,303.02,303.02,372.62,372.62
2022-02-28,16,Invierno,303.42,303.42,303.42,303.42,303.42
2022-02-28,17,Invierno,347.21,347.21,347.21,347.21,347.21
2022-02-28,18,Invierno,379.34,379.34,379.34,379.34,379.34
2022-02-28,19,Invierno,475.03,475.03,475.03,405.0,405.0
2022-02-28,20,Invierno,496.98,496.98,496.98,496.98,496.98
2022-02-28,21,Invierno,527.63,527.63,527.63,527.63,527.63
2022-02-28,22,Invierno,501.99,501.99,501.99,501.99,501.99
2022-02-28,23,Invierno,388.23,388.23,388.23,457.9,457.9
2022-02-28,24,Invierno,377.12,377.12,377.12,377.12,377.12
